LONG_SWORD,001,钢龙寒冰大剑,Daora's Tughril Beg
LONG_SWORD,003,吼剑火龙,Rathalos Shriekedge
LONG_SWORD,005,兵器蛮炎大剑·改,Lohenzahn+
LONG_SWORD,011,暴雪巨牙,Blizzard Biter
LONG_SWORD,015,轰大剑【大王虎】改,Tigrex Supreme Sword+
LONG_SWORD,024,破坏者大刀,Buster Blade
LONG_SWORD,025,巨力坏剑,Colossal Axeblade
LONG_SWORD,026,刚断剑深渊·改,Blade of Tartarus+
LONG_SWORD,027,斩骨大剑,Bone Slasher
LONG_SWORD,028,光龙颚剑·改,Wyvern Gnasher+
LONG_SWORD,030,毒妖大剑地狱变色龙·改,Datura Slasher+
LONG_SWORD,050,炎火忍大剑,Kamura Ninja Cleaver
LONG_SWORD,051,飓风大剑,Blower's Blade
LONG_SWORD,052,晓光大剑荣光,Dawnmoon Hopebeam
LONG_SWORD,053,真蛙式·伏身撞改,True Tetranadon Cutter+
LONG_SWORD,054,梦魇大剑人鱼出鞘·改,Nightmare Frilled Blade+
LONG_SWORD,055,祸名品【大幽鬼无道】,Mighty Soulquencher
LONG_SWORD,056,雪鬼兽！嗖嗖嗖嗖！,Abominable Frostblade
LONG_SWORD,057,神断·风云外天,Skysplit Hurricane
LONG_SWORD,058,神断·雷祸外天,Skysplit Thunderstorm
LONG_SWORD,059,钢剑,Steel Sword
LONG_SWORD,060,铬金天堂薙刀,Chrome Heaven
LONG_SWORD,061,亢龙牙剑,Great Wyvern Fang
LONG_SWORD,062,深红角龙之血,Blood Baph
LONG_SWORD,063,瞬间冷冻黑旗鱼大剑,Xiphias Gladius
LONG_SWORD,064,大毒断菌菇领主,Lordly Deathcap
LONG_SWORD,065,众猫之王,Cat's King
LONG_SWORD,066,白兔断雪夏洛特,Lagombi Decider
LONG_SWORD,067,阿瓦隆大剑,Avallo Blade
LONG_SWORD,068,暴雨水兽斩刃·改,Aquatic Cataclysm+
LONG_SWORD,069,土砂巨力,Barroth Smasher
LONG_SWORD,070,奇怪龙雷电巨剑·改,Khezu Shock Full+
LONG_SWORD,071,咬剑【大蛇头】,Snakesmaw
LONG_SWORD,072,高贵齐格琳德王后·改,High Sieglinde+
LONG_SWORD,074,无明大剑【苦谛】,Avidya Great Sword
LONG_SWORD,075,茜霞紫微两断剑·改,Akanesasu Divider+
LONG_SWORD,076,真·王牙大剑【一天】,Oppressor's Forger
LONG_SWORD,078,刚角剑角龙·改,Vendetta Hornsword+
LONG_SWORD,079,炎王灵刃,Teostra del Sol
LONG_SWORD,080,恐惧狮尾刀,Dreaded Shamshir
LONG_SWORD,081,大鬼金棒【温罗】,Great Demon Hot Rod
LONG_SWORD,083,梦蜃大剑蝾螺贝,Dreamdiver
LONG_SWORD,084,赤绝巨翼参宿星,Crimson Vastwing
LONG_SWORD,085,泥沼之鳞·改,Valtos Rapier+
LONG_SWORD,086,百龙大剑【大贤虎变】,Rampage Cleaver V
LONG_SWORD,087,忍伞【散龙】改,Dragondance Parasol+
LONG_SWORD,088,护村大剑·勇,Guardian Great Sword
LONG_SWORD,100,炎火杰大剑,Fine Kamura Cleaver
LONG_SWORD,101,辉剑火龙
LONG_SWORD,102,大钳剑,Great Pincer
LONG_SWORD,103,切割之刃,Killer's Scythe
LONG_SWORD,104,鬼神金棒【猿魔王】,Demonlord Goldrod
LONG_SWORD,105,七星大剑【天璇】
LONG_SWORD,106,自尊of灭亡,Verh?ngnisstolz
LONG_SWORD,107,THE起源,L'Origine
LONG_SWORD,108,叛断刀参宿七,Impudent Cheda
LONG_SWORD,109,霆剑电龙,Astalos Arcblade
LONG_SWORD,110,辟邪之剑【大紫蛱蝶】
LONG_SWORD,111,铠怨鬼大剑【怨无道】,Azure Blaze Great Sword
LONG_SWORD,112,极光雪剑雪人鱼,Flicker Blizzard Blade
LONG_SWORD,113,断头斩剑,Decapitator Schneiden
LONG_SWORD,114,冰镜圆月断,Vadel Frostedge
LONG_SWORD,115,巨块大剑癸干忒斯,Great Gorgigas
LONG_SWORD,116,冥渊大剑【劫火】,Abyssal Eruption
LONG_SWORD,117,蔷薇威力,Rosenkraft
LONG_SWORD,118,仙人掌技艺
LONG_SWORD,119,王国骑士大剑信念·改,Royal Order's Great Sword+
LONG_SWORD,120,远古机械·大剑,Antique Machina GS
LONG_SWORD,121,失落代码【阿斯卡隆】
LONG_SWORD,122,火龙玩偶,火龙玩偶
LONG_SWORD,123,起源or结局,起源or结局
LONG_SWORD,124,冰翼灵羽,冰翼灵羽
LONG_SWORD,125,凶剑【丛云】,凶剑【丛云】
LONG_SWORD,126,刻银断剑,刻银断剑
SHORT_SWORD,001,炎王德尔梅达利,Teostra's Medal
SHORT_SWORD,003,女王细剑·改,Empress Rapier+
SHORT_SWORD,006,追寻者蛮炎剑·改,Lohensieger+
SHORT_SWORD,010,轰剑【大虎眼】改,Great Tigrex Sword+
SHORT_SWORD,014,无明刃【道谛】,Avidya Edge
SHORT_SWORD,018,斗士之剑,Fighter Sword
SHORT_SWORD,019,成才重铁剑,Smithy's Pride
SHORT_SWORD,021,领袖反曲刀,Chief Kukri
SHORT_SWORD,022,神兽巴隆刀·改,Barong Kutot+
SHORT_SWORD,030,毒妖剑暑热变色龙·改,Datura Splitter+
SHORT_SWORD,050,炎火忍单刃,Kamura Ninja Sword
SHORT_SWORD,051,飓风大镰,Blower's Scythes
SHORT_SWORD,052,真蛙式·扫堂斩改,True Guard Breaker+
SHORT_SWORD,053,护法王·不动之天剑,Heavenly King's Sword
SHORT_SWORD,054,祸名品【大幽鬼无尽】,Tormented Shadekeeper
SHORT_SWORD,055,雪鬼兽！咻咻咻咻！,Chef's Ultimate Knife
SHORT_SWORD,056,神裂·风云无尽,Windchaser
SHORT_SWORD,057,神裂·雷祸无尽,Atomic Mind
SHORT_SWORD,058,千年冰封辉刃,Permafrost Edge
SHORT_SWORD,059,大师忍者刀,Ninja Master Sword
SHORT_SWORD,060,阿伽门农,Agamemnon
SHORT_SWORD,061,断骨战斧·改,Bonebreaker Tabar+
SHORT_SWORD,063,超级喵喵棒,Catlike Tread
SHORT_SWORD,064,猛突剑【野猪突进】,Cocky Comrades
SHORT_SWORD,065,斩杀壹式,Secta Unu
SHORT_SWORD,066,碧绿斩杀叁式,Secta Tre Green
SHORT_SWORD,067,铬黄斩杀叁式,Secta Tre Yellow
SHORT_SWORD,068,雪白斩杀叁式,Secta Tre White
SHORT_SWORD,069,深红斩杀叁式,Secta Tre Red
SHORT_SWORD,070,漆黑斩杀叁式,Secta Tre Black
SHORT_SWORD,071,沉眠幻梦境刀,Karmanight
SHORT_SWORD,072,精英短剑,Elite Dagger
SHORT_SWORD,073,卑鄙国君,Dirty Graf
SHORT_SWORD,074,水刻水兽之爪·改,Royal Waterclaw+
SHORT_SWORD,075,土砂削岩剑,Pneumatic Drillblade
SHORT_SWORD,076,受折磨奇怪龙薙刀·改,Dread Razor+
SHORT_SWORD,077,重嘴剑巨喙,Bruising Beak
SHORT_SWORD,078,极寒冰牙爪,Never Event
SHORT_SWORD,080,鲜红色天熏风扇·改,Kurenawi Kunpuu+
SHORT_SWORD,081,进化炎灵,Enspirited Ifrit
SHORT_SWORD,082,真·王牙剑【天赋】,Oppressor's Bounty
SHORT_SWORD,084,蛮人狰狞棒·改,Barbarian Terror+
SHORT_SWORD,085,钢龙精绝剑,Daora's Maelstrom
SHORT_SWORD,086,金兽棍【禁咒】,Cursed Rajang Club
SHORT_SWORD,087,赤绝连翼十字二,Gates of Heaven
SHORT_SWORD,088,梦蜃剑帘蛤贝,Dreamwaver
SHORT_SWORD,089,百龙剑【沧海桑田】,Rampage Sword V
SHORT_SWORD,091,护村铁剑·勇,Guardian Sword
SHORT_SWORD,100,炎火杰单刃,Fine Kamura Sword
SHORT_SWORD,101,疯狂玫瑰
SHORT_SWORD,102,白金黎明
SHORT_SWORD,103,二重蟹钳,Dual Scissors
SHORT_SWORD,104,鬼神激棍古兰伽,Demonlord Bludgeon
SHORT_SWORD,105,七星剑【天玑】
SHORT_SWORD,106,生命of搜寻者,Sieger-Ankh
SHORT_SWORD,107,THE夏洛克,Le Limier
SHORT_SWORD,108,叛牙星宿一,Feral Fangs
SHORT_SWORD,109,电龙刺剑,Astalos Rapier
SHORT_SWORD,110,辟邪之银扇【莎草眼蝶】
SHORT_SWORD,111,铠怨鬼剑【怨无尽】,Spirit Stealer
SHORT_SWORD,112,绯天之剑·六仙不动,Shaucha Divine Gloryblade
SHORT_SWORD,113,血宴烛,Bloodlust Blade
SHORT_SWORD,114,冰镜圆月手斧,Winter's Feast Hatchet
SHORT_SWORD,115,巨块剑图尼伊特,Giant's Sword "Goltsneit"
SHORT_SWORD,116,冥渊摇剑【热浪】,Abyssal Sunburst
SHORT_SWORD,117,蔷薇旺盛,Rosengedien
SHORT_SWORD,118,仙人掌繁荣
SHORT_SWORD,119,王国骑士剑高洁·改,Royal Order's Sword+
SHORT_SWORD,120,远古机械·单手剑,Antique Machina SS
SHORT_SWORD,121,失落代码【卡恩文南】
SHORT_SWORD,122,雷狼龙玩偶
SHORT_SWORD,123,谎言or真实
SHORT_SWORD,124,冰帝穹宫
SHORT_SWORD,125,凶宝【翠岚】
SHORT_SWORD,126,刻银碎剑
TWIN_SWORD,001,冰炎魔剑,Blizzard and Blaze
TWIN_SWORD,003,圣徒之刃,Sacred Espadas
TWIN_SWORD,006,爆鳞双斧火神伏尔甘,Bazelhound Rookslayer
TWIN_SWORD,012,冻刻暴风雪,Raider's Icecarvers
TWIN_SWORD,017,决斗双短剑,Dual Daggers
TWIN_SWORD,018,双战爪,Dual Cleavers
TWIN_SWORD,019,终告的双锯·改,Final Chainsaws+
TWIN_SWORD,021,狂野战斧,Wild Hatchets
TWIN_SWORD,028,鸟喙信天鸡蛇双剑,Kulu Katolos Blades
TWIN_SWORD,029,泥沼之骨·改,Valtos Os+
TWIN_SWORD,030,万雷双剑【小夜】改,Thunderblades+
TWIN_SWORD,031,对匕蛮炎双剑·改,Lohenschild+
TWIN_SWORD,050,炎火忍双刃,Kamura Ninja Blades
TWIN_SWORD,051,晓光双剑荣光,Dawnmoon Disrupters
TWIN_SWORD,052,梦魇双爪人鱼利爪·改,Nightmare Frilled Claws+
TWIN_SWORD,053,祸名品【大幽鬼无愧】,Mighty Soulchoker
TWIN_SWORD,054,泥＝细切,Mud Shredders
TWIN_SWORD,055,神照·风云一双,Twin Twisters
TWIN_SWORD,056,神照·雷祸一双,Double Discharge
TWIN_SWORD,057,超级单体·改,Supercell+
TWIN_SWORD,058,传奇之圣剑,Auditore Glam
TWIN_SWORD,059,冰层灵魂寒剑,Gelid Heart
TWIN_SWORD,060,骨之双钩爪·改,Talon Gemini+
TWIN_SWORD,061,焰刃无尽火,Unquenchable Flames
TWIN_SWORD,063,双颚蝶剑,Gila Ro Waga
TWIN_SWORD,064,肉球乱舞爪,Raging Paws
TWIN_SWORD,065,青熊双钺【大江山】,Oeyama Axes
TWIN_SWORD,066,冰雪极寒双刃,Snow Ravines
TWIN_SWORD,067,猛毒往事,The Legend
TWIN_SWORD,068,水裂水兽水兽·改,Double Droth Flood+
TWIN_SWORD,069,血风伤刃奇怪龙碎片·改,Blood Wind Skards+
TWIN_SWORD,070,双炎剑对龙,Flaming Wyvern Lovers
TWIN_SWORD,072,无明连刃【真谛】,Avidya Blades
TWIN_SWORD,073,磨刀斋女舞奉双·改,Dark Aurora+
TWIN_SWORD,074,真·王牙双刃【天业】,Oppressor's Miracle
TWIN_SWORD,075,轰爪【大虎血】改,Huge Tigrex Claws+
TWIN_SWORD,076,兄弟剑暴君·改,Diablos Smashers+
TWIN_SWORD,077,钢龙烈风刃,Daora's Ventus
TWIN_SWORD,078,霞双剑霞龙,Chameleos Blades
TWIN_SWORD,079,斗神刚鬼【惊险道】,Suzuka Akurou
TWIN_SWORD,081,赤绝双翼北河弟,Crimson Twinwing
TWIN_SWORD,082,水母挽歌,Elegant Jelly
TWIN_SWORD,083,百龙双刃【瞬息万变】,Rampage Twinblades V
TWIN_SWORD,0843,忍团子【睡蜜玉】极,Stealth Dango Ultimate
TWIN_SWORD,085,护村双刃·勇,Guardian Dual Blades
TWIN_SWORD,100,炎火杰双剑,Fine Kamura Blades
TWIN_SWORD,101,金银龙对剑
TWIN_SWORD,102,甲壳剑大名盾蟹,Lobster Piercers
TWIN_SWORD,103,大卸八块,Limb Cutter
TWIN_SWORD,104,鬼神斗拳【狱杀】,Demonlord Fist
TWIN_SWORD,105,七星连刃【摇光】
TWIN_SWORD,106,乌鸦of乘载者,Aasklauen
TWIN_SWORD,107,THE理想乡,Le Shangri-La
TWIN_SWORD,108,叛爪轩辕十二,Terrible Twins
TWIN_SWORD,109,究极雷光双剑,Twin Wyvern Bolts
TWIN_SWORD,110,辟邪之双刀【剑尾蛱蝶】
TWIN_SWORD,111,铠怨鬼刃【怨无悔】,Blue Blaze Blades
TWIN_SWORD,112,极光雪爪雪人鱼,Glistening Snow Claws
TWIN_SWORD,113,溶翁双剑几何,Magma Slicers+
TWIN_SWORD,114,爆炎双斧燋烁
TWIN_SWORD,115,血爪伤痕,Bloody Nails Wunde
TWIN_SWORD,116,冰镜圆月爪,Fengul Frostclaws
TWIN_SWORD,117,巨块双剑阿耳戈斯,Binary Gorgoth
TWIN_SWORD,118,冥渊双刃【蚀天】,Abyssal Celestials
TWIN_SWORD,119,蔷薇野心,Rosenehrgeiz
TWIN_SWORD,120,仙人掌雄心
TWIN_SWORD,121,王国骑士双剑意志·改,Royal Order's Rapiers+
TWIN_SWORD,122,远古机械·双剑,Antique Machina DB
TWIN_SWORD,123,村长双刀【不限】改,Elder Fugen's Blades+
TWIN_SWORD,124,失落代码【科拉达】
TWIN_SWORD,125,雪鬼兽玩偶
TWIN_SWORD,126,香格里拉or哈迪斯
TWIN_SWORD,127,冰圣幽冥
TWIN_SWORD,128,凶扇【黑风白雨】
TWIN_SWORD,129,刻银灭刃
TACHI,003,真飞龙刀【绯红】,Wyvern Blade "Scarlet"
TACHI,006,爆鳞刀赤红爆炸,Bazel Jarre Blazer
TACHI,007,真飞龙刀【翠绿】改,Wyvern Blade "Jade"+
TACHI,014,轰刀【饿虎】改,Desperate Roar+
TACHI,015,无名刀【空谛】,Avidya Saber
TACHI,019,铁刀【神乐】,Iron Gospel
TACHI,021,铁锯刀【千切】,Julienne Blade
TACHI,024,骨镰,Bone Reaper
TACHI,030,鸟喙信天鸡蛇刀,Kulu Katolos Seif
TACHI,031,泥沼之爪·改,Valtos Slough+
TACHI,032,飞雷闪刀【伐鬼】改,Shockstrike+
TACHI,033,利刃蛮炎刀·改,Lohenschwert+
TACHI,050,炎火忍刀,Kamura Ninja Blade
TACHI,051,大风镰刀朔风,Reaper Blade Boldus
TACHI,052,晓光刺刀荣光,Dawnlight Blade
TACHI,053,梦魇刀人鱼狂舞·改,Nightmare Frilled Slash+
TACHI,054,祸名品【大幽鬼无天】,Tormented Shade Sword
TACHI,055,泥＝顽固,Abyss Bringer Blade
TACHI,056,神斩·风云灭裂,Pandemonium
TACHI,057,神斩·雷祸灭裂,Torrential Hail
TACHI,059,鬼神斩破刀·改,True Devil Slicer+
TACHI,060,护皇刀,Adamantine Lodestar
TACHI,061,六花垂冰丸【瑞雪】,Frostveldt
TACHI,062,暗无天日黑镰·改,Darkness Within+
TACHI,063,颚刃布拉克斯,Serrated Maw
TACHI,064,怨毒之大镰威太刀,Malicemonger
TACHI,067,灾祸镰达尔克那乌斯,Screakscythe
TACHI,068,雪鹿刀【鹿王角】,King Anteka Blade
TACHI,069,青熊长笔【鲑兽戏画】,Arzuros Telltail
TACHI,070,魂缚刀【不知火】,Spiritbinder
TACHI,071,白兔棘刃【因幡】,Inaba's Thorns
TACHI,072,骨断刀【断影】改,Sunderer+
TACHI,073,剧毒之吻,Belladonna's Bite
TACHI,074,水瓶战斧·改,Wasserfallis+
TACHI,075,土砂岩堡,Barroth Velberg
TACHI,076,岩龙重刀,Makra's Basalt
TACHI,077,冰牙极寒琥珀刃,Amberfang Gelfidall
TACHI,079,玉绳绝佳丽斩刀·改,Tamonowo Zekkarei+
TACHI,080,真·王牙刀【天渊】,Oppressor's Abyss
TACHI,082,钢龙暴风,Daora's Storm
TACHI,083,炎帝王刀【海市蜃楼】,Imperial Flickerflame
TACHI,084,海市蜃楼弯刀,Skulduggery
TACHI,085,大鬼薙刀【罗刹】,Evil Demon Halberd
TACHI,087,赤绝闪翼十字三,Red Flash
TACHI,088,继承宝刀【真炎火】,Kamura's Legacy
TACHI,089,百龙刀【千变万化】,Rampage Blade V
TACHI,090,苍星太刀【舞龙】,Azure Star "Dragon Dance"
TACHI,091,护村太刀·勇,Guardian Long Sword
TACHI,100,炎火杰刀,Fine Kamura Rapier
TACHI,101,飞龙刀【月】
TACHI,102,飞龙刀【银】
TACHI,103,大名盾爪镰,Daimyo Cutter
TACHI,104,撕裂,Killer's Sickle
TACHI,105,鬼神薙刀【阿修罗】,Demonlord Halberd
TACHI,106,七星刀【天权】
TACHI,107,钢铁of审判,Stahlurteil
TACHI,108,THE十诫,Le Décalogue
TACHI,109,叛刃参宿五,Khanga Rebellion
TACHI,110,真飞龙刀【亚历山】,Wyvern Blade "Alexa"
TACHI,111,辟邪之太刀【线蛱蝶】
TACHI,112,铠怨鬼刀【怨无天】,Devil's Deal
TACHI,113,极光雪刀雪人鱼,Flicker Blizzard Slash
TACHI,114,溶翁太刀铁骑,Magma Disaster+
TACHI,115,炸裂迸发爆炎刀
TACHI,116,裂空之翼,Fissureforce
TACHI,117,冰镜圆月刀,Moonbrand "Lua Cheia"
TACHI,118,巨块刀泰坦,Titanfeller
TACHI,119,冥渊斩刀【天雷】,Abyssal Flicker
TACHI,120,蔷薇天堂,Rosenhimmel
TACHI,121,仙人掌天堂
TACHI,122,王国骑士太刀英勇·改,Royal Order's Claymore+
TACHI,123,远古机械·太刀,Antique Machina LS
TACHI,124,黑刀【终式】,Final Black Katana
TACHI,125,失落代码【天羽羽斩】
TACHI,126,迅龙玩偶,迅龙玩偶
TACHI,127,混沌or法律,混沌or法律
TACHI,128,冰灵芒刃,冰灵芒刃
TACHI,129,凶刀【催花雨】,凶刀【催花雨】
TACHI,130,刻银斩刀,刻银斩刀
HAMMER,001,超越钢龙锤,Daora's Hyperborea
HAMMER,007,冰铁毁坏,Pykrete Punisher
HAMMER,012,无明锤【中谛】,Avidya Breaker
HAMMER,018,战争权杖,War Mace
HAMMER,019,鬼铁,Iron Devil
HAMMER,020,沉重岩骨锤,Heavy Bone Bludgeon
HAMMER,027,鸟喙信天鸡蛇锤,Kulu Katolos Stick
HAMMER,028,毒妖锤顶点变色龙·改,Datura Pounder+
HAMMER,030,强袭蛮炎锤·改,Phoenix Testament+
HAMMER,043,雪崩骑士,Avalanche Ritter
HAMMER,050,炎火忍钩锤,Kamura Ninja HAMMER,mer
HAMMER,051,飓风大锤,Blower's HAMMER,mer
HAMMER,052,刚力王·金刚天锤,Hallowed Pronged HAMMER,mer
HAMMER,053,梦魇锤人鱼怒击·改,Nightmare Frilled Blow+
HAMMER,054,祸名品【大幽鬼无恩】,Mighty Souldevourer
HAMMER,055,雪鬼兽！啪叽啪叽！,Abominable Avalanche
HAMMER,056,泥＝粉碎,Doomsday HAMMER,mer
HAMMER,057,神溃·风云烈震,Skyfold Boldblow
HAMMER,058,神溃·雷祸烈震,Skyfold Furyflash
HAMMER,059,爆裂左轮,Burst Revolver
HAMMER,060,究极超新星·改,Hyper Nova+
HAMMER,061,大鬼铁之尊,Iron Giant's Soul
HAMMER,062,战争狂击,War Basher
HAMMER,063,坚骨锤,Hard Bone HAMMER,mer
HAMMER,064,擎天斧·改,Atlas Crusher+
HAMMER,065,ZZZ…睡熊,Dreamy Bear
HAMMER,066,灵锤之南瓜魔王,Magic Pumpking
HAMMER,068,灾祸锤厄运之始,Dark Morte
HAMMER,069,全心全蛋丸鸟卵锤,Gargegg HAMMER,mer
HAMMER,070,青熊锤【叁型】,Bearly Eyhammer
HAMMER,071,沉重蚀锤,Heavy HAMMER,mer
HAMMER,072,罗蕾莱·改,Lorelei+
HAMMER,073,土砂势力,Barroth Momentum
HAMMER,074,奇怪龙落雷锤·改,Bag o' Booms+
HAMMER,075,六翼蛇王锤艾因加纳,Cataclysmic Portent
HAMMER,076,迷惑张皇甲坚锤·改,Armored Megagogue+
HAMMER,077,岩龙猛击,Basarios Bash
HAMMER,079,海波挠山光明锤·改,Enlightenment HAMMER,mer+
HAMMER,080,火龙碎火神锤,Rathalos Cosh
HAMMER,081,真·王牙锤【破天】,Oppressor's Sway
HAMMER,082,轰锤【大虎丸】改,Huge Tigrex HAMMER,mer+
HAMMER,083,破锤粉碎者·改,Finishing HAMMER,mer+
HAMMER,084,炎王巨城,Teostra de la Torre
HAMMER,085,幻神之迪莫戈尔戈,Diamgolgo's Phantasm
HAMMER,086,怒发天大金狮,Mane Master Rajang
HAMMER,088,赤绝刚翼大火星,Crimson Forcewing
HAMMER,089,百龙锤【逝者如斯】,Rampage HAMMER,mer V
HAMMER,090,护村战锤·勇,Guardian HAMMER,mer
HAMMER,100,炎火杰钩锤,Fine Kamura HAMMER,mer
HAMMER,101,星碎殒落
HAMMER,102,断骨斧锤,Big Blue Chopper
HAMMER,103,鬼神锤【金鬼】,Demonlord Sledge
HAMMER,104,斗宿锤【天府】
HAMMER,105,权力of仇恨,?chtungsblick
HAMMER,106,THE大地,La Terre
HAMMER,107,叛锤大陵五,Argyl HAMMER,mer
HAMMER,108,电龙碎无情雷王,Astalos Striker
HAMMER,109,辟邪之锤【宇迦之御魂】
HAMMER,110,铠怨鬼锤【怨无恩】,Devil's Die
HAMMER,111,绯天之锤·六仙金刚,Peak Pronged HAMMER,mer
HAMMER,112,极光雪锤雪人鱼,Flicker Blizzard Blow
HAMMER,113,溶翁大锤净化,Magma Masher+
HAMMER,114,嚼碎粉末,Tooth Grinder
HAMMER,115,冰镜圆月碎,HAMMER,mer of Snowfallen
HAMMER,116,巨块锤赫朗格尼尔,Gornir
HAMMER,117,冥渊巨锤【狂风】,Abyssal Windstorm
HAMMER,118,蔷薇雷雨,Rosenunwetter
HAMMER,119,仙人掌风暴
HAMMER,120,王国骑士大锤力量·改,Royal Order's Bludgeon+
HAMMER,121,远古机械·大锤,Antique Machina H
HAMMER,122,失落代码【妙尔尼尔】
HAMMER,123,角龙玩偶,角龙玩偶
HAMMER,124,诞生or死亡,诞生or死亡
HAMMER,125,冰军极地,冰军极地
HAMMER,126,凶镜【妖云】,凶镜【妖云】
HAMMER,127,刻银破锤,刻银破锤
WHISTLE,001,炎王红莲琴笛,Teostra's Musica
WHISTLE,002,女帝之笛·改,Queen's Harmonium+
WHISTLE,006,爆鳞鼓赤红喷焰,Baselsium Rookslayer
WHISTLE,012,轰鼓【大虎钟】改,Tigrex Roar+
WHISTLE,013,无明笛【假谛】,Avidya Harmonic
WHISTLE,018,巨大风笛,Great Bagpipe
WHISTLE,020,硬骨号角,Hardened Bone Horn
WHISTLE,029,鸟喙信天鸡蛇笛,Kulu Katolos Mosso
WHISTLE,031,毒妖笛音变色龙·改,Datura Accelerando+
WHISTLE,034,号角蛮炎笛·改,Horn of the Indomitable+
WHISTLE,050,炎火忍笛,Kamura Ninja Horn
WHISTLE,051,大风镰笛金风,Great Gale Horn
WHISTLE,052,真蛙式·借力改,Amphibia Larghetto+
WHISTLE,053,梦魇笛人鱼常伴·改,Nightmare Flute+
WHISTLE,054,祸名品【大幽鬼无明】,Mighty Souleraser
WHISTLE,055,永恒怨恨,Doomed Bell
WHISTLE,056,神响·风云啼哭,Skytremor Typhoon
WHISTLE,057,神响·雷祸啼哭,Skytremor Rumble
WHISTLE,058,风号角,Wind Horn
WHISTLE,059,激昂音奏笛·改,Rinforzato+
WHISTLE,060,土著号角,Native's Horn
WHISTLE,061,终极恋钟魔法之钟,Bell of Laertes
WHISTLE,062,大毒奏葛萨克斯,Mycotoxic Fungasax
WHISTLE,063,大蜘蛛弦琴,Gossamer Cornupion
WHISTLE,064,蛮族低吼,Barbarian Grunt
WHISTLE,065,虫甲笛壹式,Vicello Unu
WHISTLE,066,绿虫甲笛叁式,Vicello Tre Green
WHISTLE,067,白虫甲笛叁式,Vicello Tre White
WHISTLE,068,黑虫甲笛肆式,Vicello Kvar Black
WHISTLE,069,青熊笛【叁式】,Zurogong Tertio
WHISTLE,070,水兽水响笛·改,Echoing Droth Roar+
WHISTLE,071,土砂笙【严之音】,Sandscreecher+
WHISTLE,072,奇怪叫吼长号角·改,Khezu Keen+
WHISTLE,073,泰坦岩龙贝斯,Titan's Rock
WHISTLE,074,冰牙冷河笛,Frigiguiro
WHISTLE,076,雷鸣音通神韵铃·改,Sublime Bell+
WHISTLE,077,红焰狩猎笛,Ophelia's Grace
WHISTLE,078,真·王牙琴【天禄】,Oppressor's Boon
WHISTLE,080,角王笛低音大号·改,Horned Tyrant's Horn+
WHISTLE,081,钢龙冷酷魂笛,Daora's Diabassoon
WHISTLE,082,魔神陶笛,Genie's Ocarina
WHISTLE,083,电电大太鼓【雷神】,Denden Delugesong
WHISTLE,084,赤绝澄翼帝王星,Crimson Clearwing
WHISTLE,086,狸古笛余韵绕梁,Raccoon Dog Auldhorn
WHISTLE,087,百龙笛【随心所欲】,Rampage Agitato V
WHISTLE,088,护村铁笛·勇,Guardian Horn
WHISTLE,100,炎火杰笛,Fine Kamura Flute
WHISTLE,101,金猎笛
WHISTLE,102,大名盾蟹响板,Colored Castanet
WHISTLE,103,鬼神电鼓【绯之魂】,Demonlord Djembe
WHISTLE,104,斗宿笛【天梁】
WHISTLE,105,音色of灭亡,Trauerklang
WHISTLE,106,THE额我略圣咏,Le Grégorien
WHISTLE,107,叛笛参宿七,Allysyl Muse
WHISTLE,108,雷霆狩猎笛,Grünlicht Flap
WHISTLE,109,辟邪之铃【稻荷神】
WHISTLE,110,铠怨鬼琵琶【怨无明】,Devil's Lute
WHISTLE,111,极光雪笛雪人鱼,Flicker Blizzard Flute
WHISTLE,112,熔新妇之响钟,Kampa Da Lavater
WHISTLE,113,炸裂星火爆炎鼓
WHISTLE,114,魔奏悲鸣,Magician's Allure
WHISTLE,115,冰镜圆月弦,Harmonic Resonance
WHISTLE,116,巨块鼓布戎忒斯,Seismic Pauken
WHISTLE,117,冥渊大笛【地陷】,Abyssal Hollow
WHISTLE,118,蔷薇灵魂,Rosenseele
WHISTLE,119,仙人掌灵魂
WHISTLE,120,王国骑士狩猎笛灵魂·改,Royal Order's Horn+
WHISTLE,121,远古机械·狩猎笛,Antique Machina HH
WHISTLE,122,女王笛,Glass Queen
WHISTLE,123,失落代码【阿夫洛斯】
WHISTLE,124,轰龙玩偶,轰龙玩偶
WHISTLE,125,欣喜or恐惧,欣喜or恐惧
WHISTLE,126,冰琴冻土,冰琴冻土
WHISTLE,127,凶琴【秋岚】,凶琴【秋岚】
WHISTLE,128,刻银打笛,刻银打笛
LANCE,001,鲜红日珥,Lejeu Prominence
LANCE,002,王者钢龙枪,Daora's Regulus
LANCE,006,爆鳞枪风暴胡拉坎,Bazel Myniad Queentaker
LANCE,007,失落巴别塔·改,Lost Babel+
LANCE,013,轰枪【大独虎】改,Great Tigrex LANCE,ce+
LANCE,018,千禧年,Millennial LANCE,ce
LANCE,020,究极钻头长枪·改,Exadrill LANCE,ce+
LANCE,021,硬骨枪,Hard Bone LANCE,ce
LANCE,029,鸟喙信天鸡蛇枪,Kulu Katolos Spear
LANCE,030,毒妖枪迷彩变色龙·改,Datura Stellaspear+
LANCE,050,炎火忍枪,Kamura Ninja Spear
LANCE,051,大风镰枪西南风,Great Gale LANCE,ce
LANCE,052,晓光刺枪荣光,Dawnmoon Piercer
LANCE,053,真蛙式·突掌改,Peeper+
LANCE,054,祸名品【大幽鬼无月】,Mighty Soulscreamer
LANCE,055,雪鬼兽！噗嗤噗嗤！,Abominable Spike
LANCE,056,神刺·风云三绝,Skybore Twister
LANCE,057,神刺·雷祸三绝,Skybore Discharge
LANCE,058,铁塔·改,Watchtower+
LANCE,059,刚击龙枪【哼哈二将】改,Raging Wyvern+
LANCE,060,獠牙长枪,Longtusk Spear
LANCE,061,野蛮人之牙,Barbarian Fang
LANCE,062,优雅芬芳长枪,Elegant Fragrance
LANCE,063,究极麻蕈枪,Mycetic Stupor
LANCE,064,大蝎枪奈兰淬,Hadrurus LANCE,ce
LANCE,065,战旗苍青,Bandera Azul
LANCE,067,锐角突刺枪,Rhenoplos Spear
LANCE,068,水冲水兽长枪·改,Spiral Vortex+
LANCE,069,土砂削岩枪,Barroth Borer
LANCE,070,蛇枪【衔尾蛇】,Ouroboros Serpentblade
LANCE,071,欺诈延枪·改,Volvi Swindler+
LANCE,072,玄武剧毒岩,Basalt Venom
LANCE,073,极寒冰牙枪,Ivory Ice
LANCE,074,万雷枪【御手杵】改,Thunderlance+
LANCE,075,无明枪【集谛】,Avidya LANCE,ce
LANCE,076,君着笠云天通枪·改,Kimi Ga Kiru Kasa+
LANCE,077,真·王牙枪【天冲】,Oppressor's Genesis
LANCE,079,角王枪冲突·改,Cera Creos+
LANCE,080,炎王魂,Teostra's Fire
LANCE,081,猛鬼刚枪金狮子,Raging Demon LANCE,ce
LANCE,083,赤绝尖翼室女角,Crimson Sharpwing
LANCE,084,冰鲛刺叉,Spinetooth Spear
LANCE,085,百龙枪【得心应手】,Rampage Spear V
LANCE,086,炽热刺枪,Heat Impaler
LANCE,087,护村长枪·勇,Guardian LANCE,ce
LANCE,100,炎火杰枪,Fine Kamura Spear
LANCE,101,白银日珥
LANCE,102,赤领主之枪,Red Lord LANCE,ce
LANCE,103,突刺长枪,Ceanataur Piercer
LANCE,104,鬼神天枪金狮子,Demonlord Rajang
LANCE,105,七星枪【天枢】
LANCE,106,护盾of震怒,Zornesschild
LANCE,107,THE圣骑士,Le Paladin
LANCE,108,叛枪天囷一,Turbulent LANCE,ce
LANCE,109,碧绿霹雳,Verdant Lightning
LANCE,110,辟邪之枪【御先稻荷】
LANCE,111,铠怨鬼枪【怨无月】,Devil's Deliverance
LANCE,112,炸裂火箭爆炎枪
LANCE,113,穿刺木桩,Mastlayer
LANCE,114,冰镜圆月旋,Lunarcry
LANCE,115,巨块枪科托斯,Gorkotos
LANCE,116,冥渊突枪【冰狱】,Abyssal Icicle
LANCE,117,蔷薇欲念,Rosenbegierde
LANCE,118,仙人掌欲念
LANCE,119,王国骑士枪守护·改,Royal Order's Guard+
LANCE,120,远古机械·长枪,Antique Machina L
LANCE,121,黑暗乌贼长枪,Dark Spear
LANCE,122,失落代码【伦戈米尼亚】
LANCE,123,爵银龙玩偶,爵银龙玩偶
LANCE,124,贤者or恶魔,贤者or恶魔
LANCE,125,冰骑抗兵,冰骑抗兵
LANCE,126,凶矛【凌云】,凶矛【凌云】
LANCE,127,刻银袭枪,刻银袭枪
GUN_LANCE,001,究极奥特琳德·改,Great Ortlinde+
GUN_LANCE,002,火花战车,Etince Chariot
GUN_LANCE,003,钢龙暴风雨,Daora's Tempest
GUN_LANCE,005,万雷铳枪【蜻蜓切】改,Thundering Striker
GUN_LANCE,013,琥牙铳枪雪境,Amber Pike Ne'erthaw
GUN_LANCE,014,轰铳枪【大虎炮】改,Great Tigrex Gunlance+
GUN_LANCE,018,铁骑士,Eizenlitter
GUN_LANCE,021,龙骨铳枪,Wyvern Bone Gunlance
GUN_LANCE,032,重枪蛮炎铳枪·改,Pyre Pike+
GUN_LANCE,040,爆鳞炮枪爆燃,Bazel Kingtopper
GUN_LANCE,050,炎火忍铳枪,Kamura Ninja Gunlance
GUN_LANCE,051,晓光铳枪荣光,Dawnmoon Detonator
GUN_LANCE,052,祸名品【大幽鬼无骸】,Mighty Soulsacker
GUN_LANCE,053,泥＝惶恐,Endbringer Cataclysm
GUN_LANCE,054,永恒狂乱,Shadow Silencer
GUN_LANCE,055,神震·风云天惊,Skyrift Tempest
GUN_LANCE,056,神震·雷祸天惊,Skyrift Thunderstorm
GUN_LANCE,057,护皇枪·改,Praetorian Guardlance+
GUN_LANCE,058,帝国近卫队·改,Imperial Swornlance+
GUN_LANCE,059,巨刚铳枪·改,Gargantua Gunlance+
GUN_LANCE,060,波动玉米炮,Crunchy Cornpopper
GUN_LANCE,061,花铳枪壹式,Fiore Unu
GUN_LANCE,062,绿花铳枪叁式,Fiore Tre Green
GUN_LANCE,063,白花铳枪叁式,Fiore Tre White
GUN_LANCE,064,黑花铳枪叁式,Fiore Tre Black
GUN_LANCE,065,眠狗铳枪摇篮,Baggi Pike Cradle
GUN_LANCE,066,白兔雪崩,Lagombalanche
GUN_LANCE,067,水炮魅力巡礼·改,Droth Romeo+
GUN_LANCE,068,土砂螺旋刺杀,Barroth Reloader
GUN_LANCE,069,电伏特奇怪枪MAX·改,Giga Volt Gunlance+
GUN_LANCE,070,赤甲加农射击·改,Shattercannon+
GUN_LANCE,071,毒妖铳枪齿轮变色龙·改,Datura Grimbarb+
GUN_LANCE,072,无明铳枪【妙谛】,Avidya Gunlance
GUN_LANCE,073,夏蝇荒神祓灯枪·改,Harae no Toboshi+
GUN_LANCE,074,真·王牙铳枪【震天】,Oppressor's Skyfall
GUN_LANCE,076,角王暴君铳枪·改,Diablos Horncannon+
GUN_LANCE,077,猛毒香气,Venomous Perfume
GUN_LANCE,078,震雷鬼铳枪,Dragon Gunlance
GUN_LANCE,080,沙海铳枪砂鱼叉,Sandspear
GUN_LANCE,081,梦蜃铳枪海虹贝,Dreamsniper
GUN_LANCE,082,赤绝烈翼五车星,Crimson Furywing
GUN_LANCE,083,咆犬铳枪牙猎啸,Roar of the Canyne
GUN_LANCE,084,百龙铳枪【一念通天】,Rampage Gunlance V
GUN_LANCE,085,护村铳枪·勇,Guardian Gunlance
GUN_LANCE,100,炎火杰铳枪,Fine Kamura Gunlance
GUN_LANCE,101,女王爆裂铳枪
GUN_LANCE,102,银鳞战车
GUN_LANCE,103,蟹钳加农炮,Scissor Cannon
GUN_LANCE,104,鬼神铳枪猛狮,Demonlord Gunlance
GUN_LANCE,105,七星铳枪【玉衡】
GUN_LANCE,106,手腕of强欲,Hochmutsarm
GUN_LANCE,107,THE要塞,La Forteresse
GUN_LANCE,108,叛铳枪败臼一,Riotous Gunlance
GUN_LANCE,109,天雷战车,Zaram Chariot
GUN_LANCE,110,辟邪之灯枪【饭绳灯花】
GUN_LANCE,111,铠怨鬼炮枪【怨无骸】,Devil's Destiny
GUN_LANCE,112,熔新妇之松明枪,Torci Da Lavater
GUN_LANCE,113,溶翁铳枪凯旋,Flamebringer Gunlance+
GUN_LANCE,114,爆鳞龙自尊
GUN_LANCE,115,焦灼哀嚎,Scorched Schleien
GUN_LANCE,116,冰镜圆月铳枪,Pleniunio Frostpike
GUN_LANCE,117,巨块铳枪阿特拉斯,Resounding Gortrass
GUN_LANCE,118,冥渊铳枪【火山】,Abyssal Rockslide
GUN_LANCE,119,蔷薇华丽,Rosenherrlich
GUN_LANCE,120,仙人掌华丽
GUN_LANCE,121,王国骑士铳枪誓言·改,Royal Order's Pledge+
GUN_LANCE,122,远古机械·铳枪,Antique Machina GL
GUN_LANCE,123,失落代码【冈格尼尔】
GUN_LANCE,124,怨虎龙玩偶,怨虎龙玩偶
GUN_LANCE,125,壁垒or战火,壁垒or战火
GUN_LANCE,126,冰砦血仇,冰砦血仇
GUN_LANCE,127,凶铳枪【瑞雨】,凶铳枪【瑞雨】
GUN_LANCE,128,刻银击枪,刻银击枪
SLASH_AXE,001,炎王朱炎宝座,Teostra's Hellebarde
SLASH_AXE,003,盖亚·改,Axe of Gaia+
SLASH_AXE,005,破军蛮炎剑斧·改,Lohenbeil+
SLASH_AXE,012,究极寒霜琥珀,Amber Permafrost
SLASH_AXE,013,无明剑斧【灭谛】,Avidya Axe
SLASH_AXE,017,钢铁制改良剑斧,Improved Steel Axe
SLASH_AXE,019,代达罗斯,Daidalos Axe
SLASH_AXE,027,泥沼之牙·改,Valtos Claw+
SLASH_AXE,037,爆鳞剑斧赤红熔岩,Bazelava Rookslayer
SLASH_AXE,050,炎火忍剑斧,Kamura Ninja Axe
SLASH_AXE,051,晓光剑斧荣光,Dawnbreaker Simorgh
SLASH_AXE,052,清净王·军荼利之天斧,Battleaxe of Kings
SLASH_AXE,053,祸名品【大幽鬼无情】,Tormented Shadowslice
SLASH_AXE,054,泥＝直接,Void Bringer Axe
SLASH_AXE,055,神化·风云黑业,Skyfall
SLASH_AXE,056,神化·雷祸白业,Thunderclap
SLASH_AXE,057,精锐勇士队剑斧,Valor Switch Axe
SLASH_AXE,058,电刃罗宋红斧·改,The Lightning Shredder+
SLASH_AXE,059,重生龙斧·改,Revived Drache+
SLASH_AXE,060,再度征服,Reconqueress
SLASH_AXE,061,最壮硕身躯·改,Powerhouse Gasher+
SLASH_AXE,062,肉球恶魔,Felyne Fatality
SLASH_AXE,063,灾祸夺命镰,Calamitous Axe
SLASH_AXE,064,青熊豪斧【神轿】,Arzuros Jubilax
SLASH_AXE,065,雪族剑斧【迷魂】,Spirit Perplaxer
SLASH_AXE,066,白兔雪矜【利雪】,Splitear Weiss
SLASH_AXE,067,沙海剑斧砂鱼大帆船,Delex Hatchet
SLASH_AXE,068,水断冲击战斧·改,Ludroth Drencher+
SLASH_AXE,069,城寨破坏者,Bastion Blitz
SLASH_AXE,070,奇怪龙锁定·改,Fullmark+
SLASH_AXE,071,塔纳托斯毒蛇,Thanatos Serpent
SLASH_AXE,072,红剑斧朱红·改,Vermilion Bloodaxe+
SLASH_AXE,073,高阶破盾者·改,Gríer's LANCE,dforger+
SLASH_AXE,076,淌雨流丽玉笔斧·改,Leave-Taker+
SLASH_AXE,077,高级红玉斧,High Rubillion
SLASH_AXE,078,真·王牙剑斧【断天】,Oppressor's Torrent
SLASH_AXE,079,轰剑斧【斩虎】改,Rex Thrasher+
SLASH_AXE,080,钢龙钢翼斧,Daora's Ajniha
SLASH_AXE,081,幻界之扎历艾拉,Zariella's Phantasm
SLASH_AXE,082,金刚大角斧神雷,Undying Purity
SLASH_AXE,084,赤绝整翼天琴织,Wing of Sanctity
SLASH_AXE,085,梦蜃剑斧莺蛤贝,Dreamcrusher
SLASH_AXE,086,剑斧折纸【樱花烂漫】,Full Bloom Axe
SLASH_AXE,087,百龙剑斧【量体裁衣】,Rampage Slicer V
SLASH_AXE,088,护村剑斧·勇,Guardian Switch Axe
SLASH_AXE,100,炎火杰剑斧,Fine Kamura Battleaxe
SLASH_AXE,101,煌战之金剑斧
SLASH_AXE,102,焰斧银火强焰
SLASH_AXE,103,巨爪大解体,Megatalon Shears
SLASH_AXE,104,鬼神角斧【雷火丰】,Demonlord Edge
SLASH_AXE,105,七星剑斧【开阳】
SLASH_AXE,106,意志of灵魂,Eisenherz
SLASH_AXE,107,THE关闭者,La Conclusion
SLASH_AXE,108,叛伐斧毕宿五,Baran Defiance
SLASH_AXE,109,电龙究极剑斧,Voltaic Load
SLASH_AXE,110,辟邪之剑斧【木兰凤蝶】
SLASH_AXE,111,铠怨鬼斧【怨无情】,Vengeful Fellcleave
SLASH_AXE,112,绯天之斧·六仙军荼利,Axe of Virtue
SLASH_AXE,113,溶翁剑斧毁灭,Magma Switch+
SLASH_AXE,114,爆鳞龙心
SLASH_AXE,115,车裂拷问,Fracturing Falter
SLASH_AXE,116,冰镜圆月剑斧,Purnima Icechopper
SLASH_AXE,117,巨块剑斧俄里翁,Great Gorgon Battleaxe
SLASH_AXE,118,冥渊剑斧【海啸】,Abyssal Torrent
SLASH_AXE,119,蔷薇刺锯,Rosenprion
SLASH_AXE,120,仙人掌刺锯
SLASH_AXE,121,王国骑士剑斧忠诚·改,Royal Order's Axe+
SLASH_AXE,122,远古机械·剑斧,Antique Machina SA
SLASH_AXE,123,失落代码【拉布律斯】
SLASH_AXE,124,冰狼龙玩偶,冰狼龙玩偶
SLASH_AXE,125,罪恶or肯定,罪恶or肯定
SLASH_AXE,126,冰魔扬军,冰魔扬军
SLASH_AXE,127,凶剑斧【白雨】,凶剑斧【白雨】
SLASH_AXE,128,刻银裂斧,刻银裂斧
CHARGE_AXE,001,钢龙白日梦,Daora's Worldbearer
CHARGE_AXE,002,女王盾斧·改,Dear Lutemineva+
CHARGE_AXE,003,朱炎斧烈焰,Flamlion Blade
CHARGE_AXE,012,流冰骑士团,Dreadfeller
CHARGE_AXE,018,合金盾斧,Regas Hyper
CHARGE_AXE,020,硬骨兵装,Hard Bone Strongarm
CHARGE_AXE,021,断骨盾斧·改,Bonebreaker Veil+
CHARGE_AXE,028,泥沼之角·改,Valtos Bow+
CHARGE_AXE,029,万雷盾斧【大典太】改,Thunderclap Otenta+
CHARGE_AXE,050,炎火忍盾斧,Kamura Ninja C. Blade
CHARGE_AXE,051,大风镰盾斧东南风,Reaper Axe Helliot
CHARGE_AXE,052,真蛙式·环首掼改,Whirling Takedown+
CHARGE_AXE,053,梦魇盾斧人鱼低吟·改,Nightmare Frilled Wail+
CHARGE_AXE,054,祸名品【大幽鬼无极】,Mighty Soulcrusher
CHARGE_AXE,055,雪鬼兽！咔嚓咔嚓！,Shocking Axe
CHARGE_AXE,056,永恒苦闷,Crawling Crusher
CHARGE_AXE,057,神佑·风云宿命,Asylum Bellow
CHARGE_AXE,058,神佑·雷祸宿命,Asylum Peal
CHARGE_AXE,059,帝王指挥官·改,Kaiser Kommandant+
CHARGE_AXE,060,特里斯坦伊索尔德·改,Tristan and Isolde+
CHARGE_AXE,061,毒盾斧猛毒·改,Malefico Veil+
CHARGE_AXE,062,龙盾斧龙怒·改,Draquila Reaver+
CHARGE_AXE,063,新鲜斧黄金鲤之魂,Armordraad
CHARGE_AXE,064,钳刃裂斧,Skull Edge
CHARGE_AXE,065,不祥恶魔,Ominous Puss
CHARGE_AXE,066,土砂坚甲盾斧,Barroth Guardian+
CHARGE_AXE,067,激甲盾斧力矩回转·改,Vortax+
CHARGE_AXE,068,歌利亚神臂,Goliath Arms
CHARGE_AXE,070,无明盾斧【正见】,Avidya Charger
CHARGE_AXE,071,白布衣纹冥护斧·改,Divine Fieldblade+
CHARGE_AXE,072,轰盾斧【骑猛虎】改,Huge Tigrex Blade+
CHARGE_AXE,073,角王盾斧吉欧布罗斯·改,Cera Cediment+
CHARGE_AXE,074,炎王炙鬼之炎,Teostra's Redeemer
CHARGE_AXE,075,幻狂天意,Phantom Providence
CHARGE_AXE,076,金刚大盾斧雷时,Unyielding Honor
CHARGE_AXE,077,赤绝巧翼天津宿,Crimson Mechwing
CHARGE_AXE,079,真·王牙盾斧【轰天】,Oppressor's Thunderclap
CHARGE_AXE,080,大捣糯米团盾斧杵臼王,Ricebane Emperor
CHARGE_AXE,081,百龙盾斧【随机应变】,Rampage C. Blade V
CHARGE_AXE,082,护村盾斧·勇,Guardian Charge Blade
CHARGE_AXE,100,炎火杰盾斧,Kamura Fine C. Blade
CHARGE_AXE,101,月神金盾
CHARGE_AXE,102,业火斧狱雷
CHARGE_AXE,103,杀人如麻,Nadegiri
CHARGE_AXE,104,鬼神盾斧【夜叉】,Demonlord Blade
CHARGE_AXE,105,斗宿盾斧【天机】
CHARGE_AXE,106,力量of灾厄,Unheilskraft
CHARGE_AXE,107,THE救赎者,Le Salut
CHARGE_AXE,108,叛盾斧觜宿一,Rebellious Charger
CHARGE_AXE,109,雳雷斧阿姆伽拉克力士·改,Amagarex Blade+
CHARGE_AXE,110,辟邪之衣斧【大纹白蝶】
CHARGE_AXE,111,铠怨鬼钺【怨无极】,Vengeful Broadfeller
CHARGE_AXE,112,极光雪斧雪人鱼,Flicker Blizzard Wail
CHARGE_AXE,113,熔新妇之入口斧,Ent Da Lavater
CHARGE_AXE,114,血鹰雄雕,Bloodeagle Adler
CHARGE_AXE,115,冰镜圆月盾斧,Gluttonous Glacier
CHARGE_AXE,116,巨块盾斧霜巨人洛奇,Grand Gordlock
CHARGE_AXE,117,冥渊盾斧【裂地】,Abyssal Splitter
CHARGE_AXE,118,蔷薇流血,Rosenemolgia
CHARGE_AXE,119,仙人掌流血
CHARGE_AXE,120,王国骑士盾斧精神·改,Royal Order's Battleaxe+
CHARGE_AXE,121,远古机械·盾斧,Antique Machina CB
CHARGE_AXE,122,失落代码【乌戈瓦萨拉】
CHARGE_AXE,123,刚缠兽玩偶,刚缠兽玩偶
CHARGE_AXE,124,和平or灾厄,和平or灾厄
CHARGE_AXE,125,冰臣壁垒,冰臣壁垒
CHARGE_AXE,126,凶华【胧云】,凶华【胧云】
CHARGE_AXE,127,刻银削斧,刻银削斧
ROD,002,锈冰钢龙棍,Daora's Samudra
ROD,003,炎爪之焰龙棍,Fiery Rath
ROD,005,直杆蛮炎棍·改,Lohenspire+
ROD,012,绝对冥界女王,Pure Helltone
ROD,018,钢铁长刀,Steel Blade
ROD,020,舞空长刃,Aerial Glaive
ROD,027,鸟喙信天鸡蛇棍,Kulu Katolos Pike
ROD,028,毒妖棍散毒变色龙·改,Datura Plume+
ROD,029,万雷棍【日本号】改,Thundering Pike+
ROD,050,炎火忍刃棍,Kamura Ninja Glaive
ROD,051,晓光打棍荣光,Dawnmoon Glaive+
ROD,052,真蛙式·八艘跳改,True Leapfrog+
ROD,053,梦魇棍人鱼轻抚·改,Nightmare Frilled Jab+
ROD,054,祸名品【大幽鬼无煌】,Mighty Soulromancer
ROD,055,雪鬼兽！咯嘣咯嘣！,Far North Pole
ROD,056,神翔·风云杀界,Skysoar Hurricane
ROD,057,神翔·雷祸杀界,Skysoar Flash
ROD,058,钢刺刀【斩钉击铁】,Steel Dauntless Bayonet
ROD,059,高密度硬棍·改,Stalwart Glaive+
ROD,060,穹顶长刃·改,Stratosphere Glaive+
ROD,061,终极爱棍魔法之月,Staff of Laertes
ROD,063,灾祸棍达尔克摩尔斯,Darkmorse
ROD,064,常春藤壹式,Rielle Unu
ROD,065,碧绿常春藤叁式,Rielle Tre Green
ROD,066,雪白常春藤叁式,Rielle Tre White
ROD,067,深红常春藤肆式,Rielle Kvar Red
ROD,068,漆黑常春藤叁式,Rielle Tre Black
ROD,069,操虫三叉戟·改,Altaroth Trident+
ROD,070,冰霜竖耳刃,Sawtooth
ROD,071,皇家水跃扫帚·改,Waterspout Bloom+
ROD,072,究极雷光膛棍·改,Surge Chamber+
ROD,073,女帝宝棍·改,Empress Regalia+
ROD,074,无明镰棍【正语】,Avidya Scythe
ROD,075,薹草长夜华山薙·改,Eventide Kazanagi+
ROD,076,轰腕【大虎爪】改,Great Tigerclaw Glaive+
ROD,077,角王废戟·改,Horned Tyrant+
ROD,078,薄雾轮棍,Veil Caster
ROD,079,金刚碎棍豪电神,Metal Mutilator
ROD,080,赤绝跃翼天鹰郎,Crimson Springwing
ROD,081,真·王牙棍【天来】,Despot's Twindart
ROD,082,狩猎笔【猎人赞歌】,Poet's Brush Glaive
ROD,083,百龙刃棍【千姿百态】,Rampage Glaive V
ROD,084,护村刃棍·勇,Guardian Glaive
ROD,100,炎火杰刃棍,Fine Kamura Glaive
ROD,101,乾坤火龙棍
ROD,102,蟹轮棍,Crab Intoner
ROD,103,鬼神棍【猿王】,Demonlord Cudgel
ROD,104,斗宿棍【天同】
ROD,105,狙击of魔幻,Leumundsbruch
ROD,106,THE奇迹,Le Miracle
ROD,107,叛棍河鼓二,Alteal
ROD,108,万雷之霆龙棍,Thunder Dragon
ROD,109,辟邪之薙刀【流星蛱蝶】
ROD,110,铠怨鬼矛【怨无煌】,Devil's Halberd
ROD,111,极光雪棍雪人鱼,Flicker Blizzard Jab
ROD,112,鞭笞之杖,Whiplash Stock
ROD,113,冰镜圆月棍,Iceberg Tunggul
ROD,114,巨块棍歌利亚,Maneater
ROD,115,冥渊战棍【蝗噬】,Abyssal Insectoid
ROD,116,蔷薇跳跃,Rosenspringen
ROD,117,仙人掌跳跃
ROD,118,王国骑士操虫棍希望·改,Royal Order's Glaive+
ROD,119,远古机械·操虫棍,Antique Machina IG
ROD,120,失落代码【酒神杖】
ROD,121,妃蜘蛛玩偶,妃蜘蛛玩偶
ROD,122,叹息or惊异,叹息or惊异
ROD,123,冰贤友爱,冰贤友爱
ROD,124,凶轮【云霓】,凶轮【云霓】
ROD,125,刻银刺棍,刻银刺棍
RodInsect,001,茶金龟,Culldrone
RodInsect,003,原初锹形虫,Alucanid
RodInsect,004,帝王公牛锹形虫,Monarch Alucanid
RodInsect,005,女王飞虫,Empresswing
RodInsect,006,亮翅虾蜂,Rigiprayne
RodInsect,007,土蝼蛄,Cancadaman
RodInsect,008,利爪鲎虫,Fiddlebrix
RodInsect,009,风雾蛾,Windchopper
RodInsect,010,大西纳托虫,Grancathar
RodInsect,011,西纳托拟态虫,Pseudocath
RodInsect,012,绿金龟,Mauldrone
RodInsect,014,短角独角仙,Foebeetle
RodInsect,015,铲刃独角仙,Carnage Beetle
RodInsect,016,巨角蝉,Bonnetfille
RodInsect,017,大口瓢虫,Ladytarge
RodInsect,018,坚甲瓢虫,Ladypavise
RodInsect,019,圆龟金花虫,Arkmaiden
RodInsect,020,展翅蛾,Gullshad
RodInsect,021,敛翅长蛾,Bullshroud
RodInsect,022,叠翅凤蝶,Whispervesp
RodInsect,050,齿钳锹形虫
RodInsect,051,光泽独角仙
RodInsect,052,诅咒天牛
RodInsect,053,爱心胖虫
RodInsect,054,西纳托大红叶虫
RodInsect,055,弹头雀蛾
BOW,001,钢龙射手弓,Daora's Toxotes
BOW,002,暴君恐惧·改,The Terrible+
BOW,006,万雷弓【羽羽矢】改,Thundering Strikebow+
BOW,007,娴熟猎弓·改,Sharpshooter+
BOW,014,无明弓【正定】,Avidya BOW,
BOW,019,钢铁弓,Steel BOW,
BOW,022,骨架弓,Hyper Bone Gun
BOW,032,鸟喙信天鸡蛇弓,Kulu Katolos Piercer
BOW,035,毒妖弓毒蜂变色龙·改,Venomtongue Absolute
BOW,038,穿杨蛮炎弓·改,Lohenbogen+
BOW,050,炎火忍弓,Kamura Ninja BOW,
BOW,051,誓愿王·爱染之天弓,Exalted Vow
BOW,052,祸名品【大幽鬼无心】,Mighty Soulpiercer
BOW,053,泥＝奉献,Tornado of Mud
BOW,054,永恒绝望,Creeping Darkness
BOW,055,神穿·风云冥冥,Skyriven Nightfall
BOW,056,神穿·雷祸明明,Skyriven Dawn
BOW,057,智慧猎弓·改,Hunter's Bravebow+
BOW,058,暴风雪瑞华晶弓,Heaven's Breath
BOW,059,斗王弓果敢·改,Harbinger's Battlebow+
BOW,060,旗鱼骨弓【全鱼生鱼片】,Viand BOW,fish
BOW,061,恍然忘我混沌之弓,Chaotic Thrall
BOW,062,巧妙机关猫贰玖弓,Hoodwynk
BOW,063,大蜘蛛弦弓,Arachnid Silksong
BOW,064,飞虫坚弓壹式,Arko Unu
BOW,065,铬黄飞虫坚弓叁式,Arko Tre Yellow
BOW,066,雪白飞虫坚弓肆式,Arko Kvar White
BOW,067,深红飞虫坚弓肆式,Arko Kvar Red
BOW,068,漆黑飞虫坚弓叁式,Arko Tre Black
BOW,069,大鹿角的破弹弓,Great Kelbi Deershot
BOW,070,青熊刚弓【甜罐】,Arzuros' Sweetscent
BOW,071,晓梦王弓,Grand Deepdraw
BOW,072,剧毒忏悔弓,Spith & Venom
BOW,073,水击水兽大齿轮·改,Drothdymion+
BOW,074,奇怪龙凶爪弓·改,Khezu Que C'est+
BOW,075,女王狂想曲·改,Queen's Rhapsody+
BOW,076,琥牙冰河弧弓,Amber Arc Valanga
BOW,078,投箭远境真射弓·改,Elysian Manna+
BOW,079,炎击弓烈焰,Flamestroke Flam
BOW,080,真·王牙弓【天命】,Oppressor's Answer
BOW,081,轰弓【大虎髯】改,Tigrex Vibrissa+
BOW,082,刚勇与宿愿之凄绝弓,BOW, of Want & Blood
BOW,083,大魔导弓所罗之匙,Devil's Counsel
BOW,084,震雷弓【万兽王】,Beastczar Thunderbow
BOW,086,赤绝飞翼老人星,Crimson Plume
BOW,087,雪白丽枝弓,Frozen Solstice
BOW,088,百龙弓【风云变幻】,Rampage BOW, V
BOW,089,苍世龙弓【天翔】,Azure Era "Soaring Dragon"
BOW,090,护村之弓·勇,Guardian BOW,
BOW,100,炎火杰弓,Fine Kamura BOW,
BOW,101,穿月之塞勒涅
BOW,102,开天的亥伯龙神
BOW,103,巨钳水弓,Chelae Warbow
BOW,104,射穿,Showroom Model
BOW,105,雷公怒弓【征天大圣】,Archbeast Avatar
BOW,106,极星弓【太乙】
BOW,107,视野of隐匿,Untergang
BOW,108,THE圣洁,L'Innocence
BOW,109,叛弓箕宿一,Insurgent BOW,
BOW,110,黑电霹雳弓,Perkunas
BOW,111,辟邪之灵弓【葛叶】
BOW,112,铠幽鬼弓【怨无心】,Mail Soulpiercer
BOW,113,绯天之弓·六仙爱染,Six Glowing Oaths
BOW,114,熔新妇之心弓,Koraeil Mesmerbow+
BOW,115,三位一体熔弓,Welding Rust+
BOW,116,渴望之吸血鬼,Ravenous Vampire
BOW,117,冰镜圆月弓,Lunoloony Frostbow
BOW,118,巨块弓安格尔伯达,Gorboza BOW,
BOW,119,冥渊刚弓【暴雨】,Abyssal Void
BOW,120,蔷薇刺镰,Rosenzichel
BOW,121,仙人掌镰刀
BOW,122,王国骑士弓诚实·改,Royal Order's BOW,+
BOW,123,远古机械·弓,Antique Machina B
BOW,124,音速共鸣器,Sonic Resonator
BOW,125,失落代码【伊奇巴尔】
BOW,126,金狮子玩,金狮子玩
BOW,127,出现or湮没,出现or湮没
BOW,128,冰妖艳射,冰妖艳射
BOW,129,凶弓【小夜岚】,凶弓【小夜岚】
BOW,130,刻银穿弓,刻银穿弓
LIGHT_BOWGUN,003,钢龙冰蜂寒弩,Daora's Yellowjacket
LIGHT_BOWGUN,007,交错火光,Cross Blitz
LIGHT_BOWGUN,012,暴风雪冻结弩,Tabula Blizzara
LIGHT_BOWGUN,030,泥沼之鳃·改,Valtos Gill+
LIGHT_BOWGUN,033,火筒蛮炎弩·改,Hellfire Harbinger+
LIGHT_BOWGUN,034,爆鳞弩爆竹,Bazelvalor Rookslayer
LIGHT_BOWGUN,050,炎火忍轻弩,Kamura Ninja L. Bowgun
LIGHT_BOWGUN,051,大风镰铳东风,Great Gale Bowgun
LIGHT_BOWGUN,052,救赎王·观音之天铳,Lord Redeemer's Iron
LIGHT_BOWGUN,053,祸名品【大幽鬼无妄】,Tormented Shadow Bolt
LIGHT_BOWGUN,054,雪鬼兽！砰砰砰砰！,Abominable Snowshot
LIGHT_BOWGUN,055,泥＝诱惑,Peace Bringer
LIGHT_BOWGUN,056,永恒黑暗,Ceaseless Shadow
LIGHT_BOWGUN,057,神击·风云十全,Shearing Wind
LIGHT_BOWGUN,058,神击·雷祸十全,Cascading Thunder
LIGHT_BOWGUN,059,狙杀弩枪,Sniper Shot
LIGHT_BOWGUN,060,钢铁猎师铳,Ironclad Jaeger
LIGHT_BOWGUN,061,追袭之黑铳·改,Dark Hunter+
LIGHT_BOWGUN,062,早来恋·春夜鲤炮,Springnight Finshot
LIGHT_BOWGUN,065,水兽陨落·改,Royal Tempest+
LIGHT_BOWGUN,066,土砂迷雾·改,Barrozooka
LIGHT_BOWGUN,067,邪念注射筒·改,Hypodermic Miracle+
LIGHT_BOWGUN,068,弹雨·蛇,Bullet Storm (Viper)
LIGHT_BOWGUN,069,熔山弩乌鲁柯特地狱,Uroktor Tempest
LIGHT_BOWGUN,070,致命左轮,Gaia Eater
LIGHT_BOWGUN,071,深碧烈弩·改,Fierce Moss Green+
LIGHT_BOWGUN,073,无明弩【正业】,Avidya Eye
LIGHT_BOWGUN,074,飞燕轻妙灵水弩·改,Encroaching Mist+
LIGHT_BOWGUN,075,凤仙火龙炮【朱炎】,Seering Rathling Phoenix
LIGHT_BOWGUN,076,真·王牙弩【天鼓】,Oppressor's Rift
LIGHT_BOWGUN,077,轰弩【大战虎】改,Great Tigrex Wargun+
LIGHT_BOWGUN,078,炎帝王焰弩【红天】,Teostra's Flamepiercer
LIGHT_BOWGUN,079,魔法神灯,Genie's Lamp
LIGHT_BOWGUN,080,金狮子筒【兆雷】,Ten Million Volts
LIGHT_BOWGUN,082,赤绝耀翼南门星,Elder's Grace
LIGHT_BOWGUN,083,木雕犬铳·极式【咆哮】,Roaring Bowgun
LIGHT_BOWGUN,084,百龙轻弩【沧桑变幻】,Rampage L. Bowgun V
LIGHT_BOWGUN,085,护村轻弩·勇,Guardian Light Bowgun
LIGHT_BOWGUN,100,炎火杰轻弩,Fine Kamura Crossbow
LIGHT_BOWGUN,101,黄金女武神
LIGHT_BOWGUN,102,凤仙火龙炮【银炎】
LIGHT_BOWGUN,103,大名盾蟹甲弩,Daimyo Pincer
LIGHT_BOWGUN,104,鬼神筒【雷天】,Demonlord Cannon
LIGHT_BOWGUN,105,斗宿铳【天相】
LIGHT_BOWGUN,106,光阴of理想乡,Teufelsschleuder
LIGHT_BOWGUN,107,THE美德,La Vertu
LIGHT_BOWGUN,108,叛弩尾宿八,Rebel Stopper
LIGHT_BOWGUN,109,浪涌电龙炮【瞬电】,Astalos Flashblaster
LIGHT_BOWGUN,110,辟邪之焰铳【八尾狐】
LIGHT_BOWGUN,111,铠怨鬼弩【怨无妄】,Blue Blaze Bolt
LIGHT_BOWGUN,112,绯天之铳·六仙观音,Savior's Lotus
LIGHT_BOWGUN,113,熔新妇之明灯弩,Carmin LANCE,tern+
LIGHT_BOWGUN,114,溶翁轻弩炼金,Magma Weaver+
LIGHT_BOWGUN,115,爆鳞龙核心
LIGHT_BOWGUN,116,葬银弹丸,Vigil Kugel
LIGHT_BOWGUN,117,冰镜圆月驽,Icecloak Bowgun
LIGHT_BOWGUN,118,巨块弩百臂巨人,Grand Cross
LIGHT_BOWGUN,119,冥渊轻弩【雹霰】,Abyssal Hailstorm
LIGHT_BOWGUN,120,蔷薇胜利,Rosensiegen
LIGHT_BOWGUN,121,仙人掌胜利
LIGHT_BOWGUN,122,王国骑士轻弩慈悲·改,Royal Order's Crossbow+
LIGHT_BOWGUN,123,远古机械·轻弩,Antique Machina LB
LIGHT_BOWGUN,124,甲铳巨甲虫炮,Carapace Cannon
LIGHT_BOWGUN,125,失落代码【雷霆】
LIGHT_BOWGUN,126,奇怪龙玩偶,奇怪龙玩偶
LIGHT_BOWGUN,127,罪恶or美德,罪恶or美德
LIGHT_BOWGUN,128,冰姬隼击,冰姬隼击
LIGHT_BOWGUN,129,凶针【水祸】,凶针【水祸】
LIGHT_BOWGUN,130,刻银讨铳,刻银讨铳
HEAVY_BOWGUN,001,炎王炽红风暴,Teostra's Firestorm
HEAVY_BOWGUN,002,重角炮邪魔·改,Horned Demonica+
HEAVY_BOWGUN,005,重炮蛮炎重弩·改,Thermablaster+
HEAVY_BOWGUN,013,轰炮【大虎头】改,Huge Tigrex Skull+
HEAVY_BOWGUN,014,无明炮【正命】,Avidya Gambit
HEAVY_BOWGUN,020,钢铁突击弩,Steel Assault
HEAVY_BOWGUN,021,骨制破坏者,Bone Buster
HEAVY_BOWGUN,033,毒妖炮悦绿变色龙·改,Venomsurge+
HEAVY_BOWGUN,035,万雷重弩【雷上动】改,Thunderballista+
HEAVY_BOWGUN,050,炎火忍重弩,Kamura Ninja H. Bowgun
HEAVY_BOWGUN,051,大风镰重熏风,Reaper Ballista Notus
HEAVY_BOWGUN,052,真蛙式·反击改,Grand Reversal Barrage+
HEAVY_BOWGUN,053,六道王·地藏之天弩,Six Paths Arblast
HEAVY_BOWGUN,054,祸名品【大幽鬼无法】,Mighty Soulstriker
HEAVY_BOWGUN,055,永恒陶醉,Forlorn Firestorm
HEAVY_BOWGUN,056,神放·风云破劫,Skyshot Windstorm
HEAVY_BOWGUN,057,神放·雷祸破劫,Skyshot Thunderstorm
HEAVY_BOWGUN,058,银河加农炮,Galaxy Cannon
HEAVY_BOWGUN,060,帝国加农炮·改,Imperial Bowgun+
HEAVY_BOWGUN,061,天道重弩大七星,Great Ladybug Launcher
HEAVY_BOWGUN,062,比比迪巴比迪布炮,Bibidi Babidi Boom
HEAVY_BOWGUN,063,兽王喵农炮,Felyne Artillery
HEAVY_BOWGUN,064,飞毛腿重弩精灵鹿,Torrentcaster
HEAVY_BOWGUN,065,雪鹿王弩,Flidaismaker
HEAVY_BOWGUN,066,百贯筒【大熊】,Arbearalest
HEAVY_BOWGUN,067,白兔神弩,Spheniscine God
HEAVY_BOWGUN,068,十月之紫炮·改,Purple October+
HEAVY_BOWGUN,069,赤转甲弩九号球·改,Red-Hot Rebound Shot+
HEAVY_BOWGUN,070,盖亚吞噬者,Volarevolver
HEAVY_BOWGUN,071,妃龙炮【姬击】改,Queen's Scionfire+
HEAVY_BOWGUN,072,冰牙极寒加农炮,Valía Cannon
HEAVY_BOWGUN,074,撤步山水撞车炮·改,Mountainous Torrent+
HEAVY_BOWGUN,075,真·王牙炮【天机】,Oppressor's Making
HEAVY_BOWGUN,077,钢龙咆哮,Daora's Ceti
HEAVY_BOWGUN,078,海市蜃楼重弩,Invisible Kamaeleon
HEAVY_BOWGUN,080,赤绝喷翼水委星,Crimson Geyserwing
HEAVY_BOWGUN,081,水母冥旅,Death Penalty
HEAVY_BOWGUN,082,金狮子炮【涡雷】,Rajang Cyclone
HEAVY_BOWGUN,083,百龙重弩【足智多谋】,Rampage H. Bowgun V
HEAVY_BOWGUN,084,护村重弩·勇,Guardian Heavy Bowgun
HEAVY_BOWGUN,100,炎火杰重弩,Fine Kamura Ballista
HEAVY_BOWGUN,101,月华妃龙炮【煌击】
HEAVY_BOWGUN,102,沉重破坏者蟹弩,Heavy Crab Buster
HEAVY_BOWGUN,103,击穿,Ceanataur Blaster
HEAVY_BOWGUN,104,鬼神雷炮【兽神】,Demonlord Thunder
HEAVY_BOWGUN,105,斗宿重弩【七杀】
HEAVY_BOWGUN,106,导火索of全部,Gemetzel Abzug
HEAVY_BOWGUN,107,THE大洪水,Le Déluge
HEAVY_BOWGUN,108,叛炮天仓一,Insurrection Cannon
HEAVY_BOWGUN,109,电龙大炮【闪击】,Wyvern Crasher
HEAVY_BOWGUN,110,辟邪之炮【玉藻御前】
HEAVY_BOWGUN,111,铠怨鬼筒【怨无法】,Devil's Conduit
HEAVY_BOWGUN,112,绯天之弩·六仙地藏,Six Paths Crossing
HEAVY_BOWGUN,113,熔新妇之吊灯炮,Bordeaux Candlestick+
HEAVY_BOWGUN,114,死亡冲动,Chalice of Desire
HEAVY_BOWGUN,115,冰镜圆月炮,Egil
HEAVY_BOWGUN,116,巨块炮库克罗普斯,Golclops
HEAVY_BOWGUN,117,冥渊重弩【陨星】,Abyssal Nova
HEAVY_BOWGUN,118,蔷薇优等,Rosenprima
HEAVY_BOWGUN,119,仙人掌优秀
HEAVY_BOWGUN,120,王国骑士重弩高尚·改,Royal Order's Bowgun+
HEAVY_BOWGUN,121,远古机械·重弩,Antique Machina HB
HEAVY_BOWGUN,122,注射重弩,注射重弩
HEAVY_BOWGUN,123,失落代码【金刚杵】,失落代码【金刚杵】
HEAVY_BOWGUN,124,泡狐龙玩偶,泡狐龙玩偶
HEAVY_BOWGUN,125,创世or终焉,创世or终焉
HEAVY_BOWGUN,126,冰督光彩,冰督光彩
HEAVY_BOWGUN,127,凶刻【时雨】,凶刻【时雨】
HEAVY_BOWGUN,128,刻银歼炮,刻银歼炮