pl001_0000,【皮制】服装
pl002_0000,【猎人α】服装
pl002_0010,【猎人β】服装
pl003_0000,【骨制】服装
pl004_0000,【合金】服装
pl005_0000,【冠突龙】服装
pl006_0000,【咬鱼】服装
pl007_0000,【巨蜂】服装
pl007_0001,【精英·巨蜂】服装
pl008_0000,【贼龙】服装
pl008_0001,【精英·贼龙】服装
pl009_0000,【搔鸟】服装
pl009_0001,【精英·搔鸟】服装
pl010_0000,【毒妖鸟α】服装
pl010_0001,【精英·毒妖鸟】服装
pl010_0010,【毒妖鸟β】服装
pl010_0101,【精英·妖水】服装
pl011_0000,【泥鱼龙】服装
pl011_0001,【精英·泥鱼龙】服装
pl012_0000,【土砂龙】服装
pl012_0001,【精英·土砂龙】服装
pl013_0000,【飞雷龙】服装
pl013_0001,【精英·飞雷龙】服装
pl013_0101,【精英·朱毒】服装
pl014_0000,【锁甲】服装
pl015_0000,【突击龙】服装
pl016_0000,【酸翼龙】服装
pl017_0000,【巨甲】服装
pl017_0001,【精英·巨甲虫】服装
pl018_0000,【原型】服装
pl019_0000,【独角仙后】/【燕尾蝶】服装
pl020_0000,【蛮颚龙α】服装
pl020_0001,【精英·蛮颚龙α】服装
pl020_0010,【蛮颚龙β】服装
pl020_0011,【精英·蛮颚龙β】服装
pl020_0101,【精英·雷颚α】服装
pl020_0111,【精英·雷颚β】服装
pl021_0000,【雌火龙α】服装
pl021_0001,【精英·雌火龙α】服装
pl021_0010,【雌火龙β】服装
pl021_0011,【精英·雌火龙β】服装
pl021_0100,【火龙心α】服装
pl021_0101,【精英·火龙心α】服装
pl021_0110,【火龙心β】服装
pl021_0111,【精英·火龙心β】服装
pl021_0200,【精英·金黄澄月α】服装
pl021_0210,【精英·金黄澄月β】服装
pl022_0000,【痹贼龙】服装
pl022_0001,【精英·痹贼龙】服装
pl023_0000,【眩鸟】服装
pl023_0001,【精英·眩鸟】服装
pl024_0000,【浮空龙】服装
pl024_0001,【精英·浮空龙】服装
pl024_0101,【精英·浮梦】服装
pl025_0000,【矿石】服装
pl026_0000,【死神】服装
pl027_0000,【风漂龙α】服装
pl027_0001,【精英·风漂龙α】服装
pl027_0010,【风漂龙β】服装
pl027_0011,【精英·风漂龙β】服装
pl027_0500,【精英·霜漂α】服装
pl027_0510,【精英·霜漂β】服装
pl028_0000,【骨锤龙α】服装
pl028_0001,【精英·骨锤龙】服装
pl028_0010,【骨锤龙β】服装
pl029_0000,【惨爪龙α】服装
pl029_0001,【精英·惨爪α】服装
pl029_0010,【惨爪龙β】服装
pl029_0011,【精英·惨爪β】服装
pl029_0101,【精英·亡爪α】服装
pl029_0111,【精英·亡爪β】服装
pl030_0000,【战纹α】服装
pl030_0010,【战纹β】服装
pl030_0020,【战纹γ】服装
pl030_0500,【精英·狂纹α】服装
pl030_0510,【精英·狂纹β】服装
pl031_0000,【铸铁】服装
pl032_0000,【乌尔德α】服装
pl032_0010,【乌尔德β】服装
pl032_0020,【乌尔德γ】服装
pl032_0500,【精英·死灭α】服装
pl032_0510,【精英·死灭β】服装
pl033_0000,【火龙α】服装
pl033_0001,【精英·火龙α】服装
pl033_0010,【火龙β】服装
pl033_0011,【精英·火龙β】服装
pl033_0100,【火龙魂α】服装
pl033_0101,【精英·火龙魂α】服装
pl033_0110,【火龙魂β】服装
pl033_0111,【精英·火龙魂β】服装
pl033_0200,【精英·银白耀日α】服装
pl033_0210,【精英·银白耀日β】服装
pl034_0000,【角龙α】服装
pl034_0001,【精英·角龙α】服装
pl034_0010,【角龙β】服装
pl034_0011,【精英·角龙β】服装
pl034_0100,【暴君角龙α】服装
pl034_0101,【精英·暴君角龙α】服装
pl034_0110,【暴君角龙β】服装
pl034_0111,【精英·暴君角龙β】服装
pl035_0000,【麒麟α】服装
pl035_0001,【精英·麒麟α】服装
pl035_0010,【麒麟β】服装
pl035_0011,【精英·麒麟β】服装
pl035_0020,【麒麟γ】服装
pl036_0000,【旅团】服装
pl037_0000,【羽毛装饰】服装
pl038_0000,【铸岛熔岩α】服装
pl038_0010,【铸岛熔岩β】服装
pl038_0020,【铸岛熔岩γ】服装
pl039_0000,【岩贼龙】服装
pl039_0001,【精英·岩贼龙】服装
pl040_0000,【熔岩龙α】服装
pl040_0001,【精英·熔岩龙】服装
pl040_0010,【熔岩龙β】服装
pl041_0000,【爆锤龙α】服装
pl041_0001,【精英·爆锤龙】服装
pl041_0010,【爆锤龙β】服装
pl042_0000,【爆鳞龙α】服装
pl042_0010,【爆鳞龙β】服装
pl042_0500,【精英·矜持α】服装
pl042_0510,【精英·矜持β】服装
pl043_0000,【大马士革α】服装
pl043_0010,【大马士革β】服装
pl044_0000,【杜宾α/β】服装
pl044_0000,【杜宾α】/【杜宾β】服装
pl045_0000,【冥灯幽火α】服装
pl045_0010,【冥灯幽火β】服装
pl045_0020,【冥灯幽火γ】服装
pl046_0000,【帝王α】服装
pl046_0001,【精英·帝王α】服装
pl046_0010,【帝王β】服装
pl046_0011,【精英·帝王β】服装
pl046_0020,【帝王γ】服装
pl047_0000,【钢龙α】服装
pl047_0001,【精英·钢龙α】服装
pl047_0010,【钢龙β】服装
pl047_0011,【精英·钢龙β】服装
pl047_0020,【钢龙γ】服装
pl048_0000,【公会十字】服装
pl049_0000,【绚辉龙铠罗α】服装
pl049_0001,【精英·绚辉龙铠罗α】服装
pl049_0010,【绚辉龙铠罗β】服装
pl049_0011,【精英·绚辉龙铠罗β】服装
pl049_0020,【绚辉龙铠罗γ】服装
pl050_0000,【残虐α】服装
pl050_0010,【残虐β】服装
pl050_0500,【精英·贪欲α】服装
pl050_0510,【精英·贪欲β】服装
pl051_0000,【皇后α】服装/皇后α
pl051_0001,【精英·皇后α】服装
pl051_0010,【皇后β】服装
pl051_0011,【精英·皇后β】服装
pl051_0020,【皇后γ】服装
pl052_0000,【精英·煌黑龙α】服装
pl052_0010,【精英·煌黑龙β】服装
pl053_0000,【追踪者】服装
pl054_0000,【骷髅】服装
pl055_0000,【艾露猫头套】服装
pl056_0000,【蘑菇猪头套】服装
pl057_0000,【独角仙后α】服装
pl057_0010,【燕尾蝶男α】服装
pl058_0000,【猫蜥龙】服装
pl059_0000,【水晶耳环】服装
pl060_0000,【知性眼镜】服装
pl061_0000,【龙王的独眼】服装
pl062_0000,【墨镜】服装
pl063_0000,【封印的眼罩】服装
pl064_0000,【摇曳鳗头套】服装
pl065_0000,【扒手龙头套】服装
pl066_0000,黎明武士【寂】
pl066_0010,黎明武士【誉】
pl067_0000,铠武者
pl068_0000,HARDUMMY
pl068_0010,HARDUMMY2
pl068_0020,HARDUMMY3
pl069_0000,【隆】服装
pl070_0000,【樱】服装
pl071_0000,【但丁】服装
pl072_0000,【苍星之将】服装
pl072_0001,【苍世武士】服装
pl073_0000,【腾龙】服装
pl074_0000,【盛开】服装
pl075_0000,【潜水员】服装
pl076_0000,【收获】服装
pl077_0000,【猎户星】服装
pl078_0000,【盛装】服装
pl080_0000,【精英·迅龙α】服装
pl080_0010,【精英·迅龙β】服装
pl081_0000,【精英·斩龙α】服装
pl081_0010,【精英·斩龙β】服装
pl081_0100,【精英·斩黄α】服装
pl081_0110,【精英·斩黄β】服装
pl082_0000,【精英·碎龙α】服装
pl082_0010,【精英·碎龙β】服装
pl082_0500,【精英·铁腕α】服装
pl082_0510,【精英·铁腕β】服装
pl083_0000,【精英·轰龙α】服装
pl083_0010,【精英·轰龙β】服装
pl083_0100,【精英·轰吼α】服装
pl083_0110,【精英·轰吼β】服装
pl084_0000,【精英·猛牛龙α】服装
pl084_0010,【精英·猛牛龙β】服装
pl085_0000,【精英·雪崩α】服装
pl085_0010,【精英·雪崩β】服装
pl085_0020,【精英·雪崩γ】服装
pl086_0000,【精英·触角α】服装
pl086_0010,【精英·触角β】服装
pl086_0020,【精英·触角γ】服装
pl087_0000,【精英·龙纹α】服装
pl087_0010,【精英·龙纹β】服装
pl088_0000,【精英·迦楼罗α】服装
pl088_0010,【精英·迦楼罗β】服装
pl089_0000,【精英·冰牙龙α】服装
pl089_0010,【精英·冰牙龙β】服装
pl089_0500,【精英·霜刃冰牙龙α】服装
pl089_0510,【精英·霜刃冰牙龙β】服装
pl091_0000,【机械】服装
pl092_0000,【公会成果】服装
pl093_0000,【黑带】服装
pl094_0000,【公会宫殿】服装
pl095_0000,【敏捷耳饰】服装
pl095_0010,【佯动耳饰】服装
pl096_0000,【精灵鹿头套】服装
pl097_0000,【草食龙头套】服装
pl098_0000,【企鹅头套】服装
pl099_0000,【骷髅方巾】服装
pl100_0000,【封印的龙骸布】服装
pl101_0000,【龙人族之耳】服装
pl102_0000,【精英·冰豺龙】服装
pl103_0000,【精英·冬翼龙】服装
pl104_0000,【蒸汽贵族α】服装
pl104_0010,【蒸汽贵族β】服装
pl105_0000,【冰狼】服装
pl106_0000,【浴场】服装
pl107_0000,【精英·雷狼龙α】服装
pl107_0010,【精英·雷狼龙β】服装
pl107_0100,【精英·狱狼龙α】服装
pl107_0110,【精英·狱狼龙β】服装
pl108_0000,【精英·黑狼鸟α】服装
pl108_0010,【精英·黑狼鸟β】服装
pl109_0000,【精英·金色α】服装
pl109_0010,【精英·金色β】服装
pl109_0500,【精英·齐天α】服装
pl109_0510,【精英·齐天β】服装
pl110_0000,【精英·冰鱼龙】服装
pl111_0000,【兔耳朵】服装
pl112_0000,【柔毛秧鸡】服装
pl113_0000,【温泉银猴】服装
pl113_0001,【温泉金猴】服装
pl114_0000,【飞雷龙围巾】服装
pl115_0000,【健美α】服装
pl115_0001,【健美γ】服装
pl116_0000,【甲虫】服装
pl117_0000,【蝴蝶】服装
pl118_0000,【杰洛特】服装
pl119_0000,【希里】服装
pl120_0000,【巴耶克】服装
pl121_0000,【防卫队】/【守护者】服装
pl122_0000,【结云】服装
pl123_0000,【银骑士】服装
pl124_0000,【蔷薇】服装
pl125_0000,【热情】服装
pl126_0000,【魔界之主】服装
pl127_0000,【风火轮】服装
pl128_0000,【阿斯特拉】服装
pl129_0000,【精英·龙α】服装
pl129_0010,【精英·龙β】服装
pl130_0000,【里昂】服装
pl131_0000,【克莱尔】服装
pl132_0010,【精英·阿尔忒弥斯】服装
pl133_0000,【阿提蜜丝】/【狩猎女神】服装
pl500_0000,【内衣α】服装
pl501_0000,【内衣β】服装
