BOW,bow001,钢冰马弓/钢龙强弓/钢龙射手弓,
BOW,bow002,爆锤角弓,
BOW,bow003,爆锤震弓/重弓巨灵勇士/刚重弓巨人核心,
BOW,bow004,必灭一矢,
BOW,bow005,银蕨/冰凌银蕨·改,
BOW,bow006,飞雷弓【射手大蛇】/【羽羽矢】/万雷弓【羽羽矢】,
BOW,bow007,十字猎弓/巨型猎弓/新·猎弓/猎弓,
BOW,bow008,疾风角弓/角王弓疾风·改/刚角王弓狂风,
BOW,bow009,暴徒凶弓/恶棍之弓,
BOW,bow010,HARDUMMY,
BOW,bow011,飞毒弓朱岚·改/飞毒弓【红时雨】,
BOW,bow012,霜漂银蕨/迷雾冰川,
BOW,bow013,必灭一矢【烈】,
BOW,bow014,隐密长弓·改/暗夜弓【影缝】,
BOW,bow015,碎龙弓/爆弓沙皇之箭,
BOW,bow016,水螅·浮浪/暴君·浮浪,
BOW,bow017,三界双树－光明－,
BOW,bow018,业弓巨人,
BOW,bow019,王弓远雷改/王牙弓【稚雷】,
BOW,bow020,狱弓龙岩/狼牙弓【邪狱】,
BOW,bow021,雷弓【兽王】/雷弓【百兽王】,
BOW,bow022,雷公弓【大圣】,
BOW,bow023,碎光之闪箭,
BOW,bow024,赤龙穿心箭1
BOW,bow025,煌黑之强弓/煌黑弓神秘,
BOW,bow026,公会宫殿弧弓/宫廷翼弓【极星】,
BOW,bow027,高贵邪神,
BOW,bow028,苍世龙弓【天翔】/真·苍世龙弓【天翔】,
BOW,bow029,破坏歼灭之刚弓/断灭崩坏之刚烈弓,
BOW,bow030,赤龙穿心箭2
BOW,bs_bow001,铁弓/钢铁弓/合金弓/水流弓,
BOW,bs_bow001,灭尽龙大弓,op_bow001
BOW,bs_bow001,冥灯龙大弓改,op_bow003
BOW,bs_bow001,搔鸟弓,op_bow005
BOW,bs_bow001,优雅长弓,op_bow006
BOW,bs_bow001,公主弓矢,op_bow009
BOW,bs_bow001,疯狂弓,op_bow023
BOW,bs_bow001,蔷薇弓,op_bow027
BOW,bs_bow002,防卫队弓/激流射手/黑钢弓/龙穿弓,
BOW,bs_bow002,火龙强弓,op_bow004
BOW,bs_bow002,星空迅击弓,op_bow005
BOW,bs_bow002,轰龙弓,op_bow018
BOW,bs_bow002,银火龙烈弓,op_bow024
BOW,bs_bow002,劫难弧弓,op_bow025
BOW,bs_bow002,苍火龙刚弓,op_bow026
BOW,bs_bow002,舄湖射手,op_bow028
BOW,bs_bow003,(能量/勇气/睿智)猎弓/龙骨弓,
BOW,bs_bow003,尸套龙弓,op_bow002
BOW,bs_bow003,爆锤大弓,op_bow007
BOW,bs_bow003,花朵弓,op_bow008
BOW,bs_bow003,脉冲弓,op_bow010
BOW,bs_bow003,火炎弓,op_bow011
BOW,bs_bow003,斩龙弓,op_bow019
BOW,bs_bow003,罪罚弓,op_bow020
BOW,bs_bow004,曼陀罗弓,op_bow008
BOW,bs_bow004,蛮颚龙射手,op_bow011
BOW,bs_bow004,风色雷颚,op_bow013
BOW,bs_bow004,梦魇弓,op_bow014
BOW,bs_bow005,金色的弓·水/雷/爆破,
BOW,bs_bow005,金色的弓·尸套,op_bow002
BOW,bs_bow005,金色的弓·王,op_bow004
BOW,bs_bow005,金色的弓·搔,op_bow005
BOW,bs_bow005,金色的弓·风漂,op_bow006
BOW,bs_bow005,金色的弓·角,op_bow007
BOW,bs_bow005,金色的弓·毒妖,op_bow008
BOW,bs_bow005,金色的弓·女王,op_bow009
BOW,bs_bow005,金色的弓·飞雷,op_bow010
BOW,bs_bow005,金色的弓·蛮颚,op_bow011
BOW,bs_bow006,铠罗弓·水/雷/爆破/火,
BOW,bs_bow006,铠罗弓·尸套,op_bow002
BOW,bs_bow006,铠罗弓·王,op_bow004
BOW,bs_bow006,铠罗弓·搔,op_bow005
BOW,bs_bow006,铠罗弓·风漂,op_bow006
BOW,bs_bow006,铠罗弓·角,op_bow007
BOW,bs_bow006,铠罗弓·毒妖,op_bow008
BOW,bs_bow006,铠罗弓·女王,op_bow009
BOW,bs_bow006,铠罗弓·飞雷,op_bow010
BOW,bs_bow006,铠罗弓·蛮颚,op_bow011
BOW,bs_bow007,皇后弓·炎妃/魂焰龙弓·炎妃,
BOW,bs_bow007,皇后弓·灭尽/魂焰龙弓·灭尽,op_bow001
BOW,bs_bow007,皇后弓·冥灯/魂焰龙弓·冥灯,op_bow003
BOW,bs_bow008,巢穴射手,op_bow005
BOW,bs_bow008,冰尖暴风,op_bow017
BOW,bs_bow009,封龙古弓,
BOW,bs_bow009,曼陀罗骤雨,op_bow008
BOW,bs_bow009,蛮颚龙之火矢,op_bow011
BOW,bs_bow009,死灭矢尸弓,op_bow015
BOW,bs_bow009,巨牛大弓,op_bow021
BOW,bs_bow010,严冰雷击/冰妖艳射,
BOW,bs_bow011,皇金弓·尸套,op_bow002
BOW,bs_bow011,皇金弓·王,op_bow004
BOW,bs_bow011,皇金弓·风漂,op_bow006
BOW,bs_bow011,皇金弓·飞雷,op_bow010
BOW,bs_bow012,皇金弓·水/爆破,
CHARGE_AXE,bs_caxe001,调查团盾斧/铬铁守护者/冰结盾斧/黑钢盾斧,
CHARGE_AXE,bs_caxe001,泥流盾斧,op_caxe002
CHARGE_AXE,bs_caxe001,灭尽龙的挥击,op_caxe004
CHARGE_AXE,bs_caxe001,火龙盾斧,op_caxe008
CHARGE_AXE,bs_caxe001,冥灯龙盾斧改,op_caxe011
CHARGE_AXE,bs_caxe001,隐密守护者,op_caxe018
CHARGE_AXE,bs_caxe002,寒霜巨人/防卫队盾斧,
CHARGE_AXE,bs_caxe002,深沉泥鱼,op_caxe002
CHARGE_AXE,bs_caxe002,深沉霜雪,op_caxe013
CHARGE_AXE,bs_caxe003,(骨制/硬骨/强骨)兵装/龙骨盾斧,
CHARGE_AXE,bs_caxe003,脉冲兵装,op_caxe003
CHARGE_AXE,bs_caxe003,痹贼龙盾斧,op_caxe005
CHARGE_AXE,bs_caxe003,惨爪兵装,op_caxe006
CHARGE_AXE,bs_caxe003,爆锤盾墙,op_caxe009
CHARGE_AXE,bs_caxe003,岩贼龙盾,op_caxe010
CHARGE_AXE,bs_caxe003,轰龙兵装,op_caxe017
CHARGE_AXE,bs_caxe003,水蛇悠远,op_caxe020
CHARGE_AXE,bs_caxe003,劫难兵装,op_caxe022
CHARGE_AXE,bs_caxe004,贼龙兵装/贼龙盾斧,op_caxe001
CHARGE_AXE,bs_caxe004,飞雷龙之腕,op_caxe003
CHARGE_AXE,bs_caxe004,痹贼龙兵装,op_caxe005
CHARGE_AXE,bs_caxe004,尸套龙盾斧,op_caxe007
CHARGE_AXE,bs_caxe004,暴君铜盾,op_caxe009
CHARGE_AXE,bs_caxe004,岩贼龙盾斧,op_caxe010
CHARGE_AXE,bs_caxe004,朱赤毒之腕,op_caxe014
CHARGE_AXE,bs_caxe004,死灭障尸盾斧,op_caxe015
CHARGE_AXE,bs_caxe004,命运武力,op_caxe021
CHARGE_AXE,bs_caxe005,金色的盾斧·冰/雷/睡眠,
CHARGE_AXE,bs_caxe005,金色的盾斧·贼,op_caxe001
CHARGE_AXE,bs_caxe005,金色的盾斧·泥鱼,op_caxe002
CHARGE_AXE,bs_caxe005,金色的盾斧·飞雷,op_caxe003
CHARGE_AXE,bs_caxe005,金色的盾斧·痹贼,op_caxe005
CHARGE_AXE,bs_caxe005,金色的盾斧·惨爪,op_caxe006
CHARGE_AXE,bs_caxe005,金色的盾斧·尸套,op_caxe007
CHARGE_AXE,bs_caxe005,金色的盾斧·王,op_caxe008
CHARGE_AXE,bs_caxe005,金色的盾斧·角,op_caxe009
CHARGE_AXE,bs_caxe005,金色的盾斧·岩贼,op_caxe010
CHARGE_AXE,bs_caxe006,铠罗兵装·冰/雷/睡眠/水,
CHARGE_AXE,bs_caxe006,铠罗兵装·贼,op_caxe001
CHARGE_AXE,bs_caxe006,铠罗兵装·泥鱼,op_caxe002
CHARGE_AXE,bs_caxe006,铠罗兵装·飞雷,op_caxe003
CHARGE_AXE,bs_caxe006,铠罗兵装·痹贼,op_caxe005
CHARGE_AXE,bs_caxe006,铠罗兵装·惨爪,op_caxe006
CHARGE_AXE,bs_caxe006,铠罗兵装·尸套,op_caxe007
CHARGE_AXE,bs_caxe006,铠罗兵装·王,op_caxe008
CHARGE_AXE,bs_caxe006,铠罗兵装·角,op_caxe009
CHARGE_AXE,bs_caxe006,铠罗兵装·岩贼,op_caxe010
CHARGE_AXE,bs_caxe007,皇后武装·炎妃/魂焰盾斧·炎妃,
CHARGE_AXE,bs_caxe007,皇后武装·灭尽/魂焰盾斧·灭尽,op_caxe004
CHARGE_AXE,bs_caxe007,皇后武装·冥灯/魂焰盾斧·冥灯,op_caxe011
CHARGE_AXE,bs_caxe008,铬钢堡垒,
CHARGE_AXE,bs_caxe008,深沉风土,op_caxe002
CHARGE_AXE,bs_caxe009,狂野武力/封龙盾斧,
CHARGE_AXE,bs_caxe009,牙龙盾斧【荒噬】,op_caxe001
CHARGE_AXE,bs_caxe009,飞雷龙御灵,op_caxe003
CHARGE_AXE,bs_caxe009,蛇神震怒,op_caxe005
CHARGE_AXE,bs_caxe010,严冰守护者/冰臣壁垒,
CHARGE_AXE,bs_caxe011,皇金盾斧·飞雷,op_caxe003
CHARGE_AXE,bs_caxe011,皇金盾斧·痹贼,op_caxe005
CHARGE_AXE,bs_caxe011,皇金盾斧·尸套,op_caxe007
CHARGE_AXE,bs_caxe011,皇金盾斧·王,op_caxe008
CHARGE_AXE,bs_caxe011,皇金盾斧·岩贼,op_caxe010
CHARGE_AXE,bs_caxe012,皇金盾斧·冰/水,
CHARGE_AXE,caxe001,钢龙冰盾/钢龙幻梦/钢龙白日梦,
CHARGE_AXE,caxe002,焰火盾斧/雌火盾斧,
CHARGE_AXE,caxe003,炎斧蛇王/焰斧鹤王·改,
CHARGE_AXE,caxe004,坏灭之一束,
CHARGE_AXE,caxe005,憎恨的火炎/憎【忿恨】/憎恶【精神】,
CHARGE_AXE,caxe006,熔山龙盾斧/真·卷土重来熔山龙盾斧,
CHARGE_AXE,caxe007,樱火盾斧/火铠盾斧/艳炎盾斧/艳者盾斧,
CHARGE_AXE,caxe008,暴虐盾斧/德斯特涅塔,
CHARGE_AXE,caxe009,但丁的魔剑·改,
CHARGE_AXE,caxe010,冥府之炎/死怨【厌恨】,
CHARGE_AXE,caxe011,坏灭一束【裂】,
CHARGE_AXE,caxe012,纯白骑士·改/悍怒之狼,
CHARGE_AXE,caxe013,碎龙兵装/爆盾斧地堡之震,
CHARGE_AXE,caxe014,灼炎之索求者·改/斩龙合刃炽火,
CHARGE_AXE,caxe015,硫铁感应/窟垒硫斩合刃,
CHARGE_AXE,caxe016,业力不灭－阎王－,
CHARGE_AXE,caxe017,业盾赤婪,
CHARGE_AXE,caxe018,王盾斧雷纹·改/王牙盾斧【风雷】,
CHARGE_AXE,caxe019,狱盾斧龙拳/狼牙盾斧【呪狱】,
CHARGE_AXE,caxe020,月神金盾,
CHARGE_AXE,caxe021,业火斧狱雷,
CHARGE_AXE,caxe022,金刚盾斧/金刚盾斧雷霆,
CHARGE_AXE,caxe023,鬼神盾斧【夜叉】,
CHARGE_AXE,caxe024,碎光之盾斧,
CHARGE_AXE,caxe025,赤龙守护盾斧1
CHARGE_AXE,caxe026,煌黑之盾斧/煌黑漆黑盾斧,
CHARGE_AXE,caxe027,魂魄斩苍炎斧,
CHARGE_AXE,caxe028,公会宫殿碟斧/宫廷镜盾【机星】,
CHARGE_AXE,caxe029,愤怒之狼,
CHARGE_AXE,caxe030,黑鹰/雷光黑鹰,
CHARGE_AXE,caxe031,黑龙盾斧/真·黑龙盾斧,
CHARGE_AXE,caxe032,赤龙守护盾斧2
GUN_LANCE,bs_gun001,铁铳枪/钢铁铳枪/铬钢铳枪/黑钢铳枪,
GUN_LANCE,bs_gun001,脉冲铳枪,op_gun003
GUN_LANCE,bs_gun001,灭尽龙的颤抖,op_gun005
GUN_LANCE,bs_gun001,优雅铳枪,op_gun007
GUN_LANCE,bs_gun001,火龙铳枪,op_gun009
GUN_LANCE,bs_gun001,泥岩铳枪,op_gun010
GUN_LANCE,bs_gun002,泥鱼龙铳枪,op_gun010
GUN_LANCE,bs_gun002,隐密加农炮,op_gun018
GUN_LANCE,bs_gun002,黑羽铳枪,op_gun024
GUN_LANCE,bs_gun003,防卫队铳枪,
GUN_LANCE,bs_gun003,风漂龙加农炮,op_gun007
GUN_LANCE,bs_gun003,冥灯龙铳枪改,op_gun011
GUN_LANCE,bs_gun003,霜漂加农炮,op_gun014
GUN_LANCE,bs_gun004,骨铳枪/大骨铳枪【龙尾】/龙骨铳枪,
GUN_LANCE,bs_gun004,牙龙铳枪,op_gun001
GUN_LANCE,bs_gun004,土砂龙铳枪,op_gun002
GUN_LANCE,bs_gun004,火炎铳枪,op_gun004
GUN_LANCE,bs_gun004,牙龙铳枪【黄牙】,op_gun006
GUN_LANCE,bs_gun004,爆鳞龙铳枪,op_gun012
GUN_LANCE,bs_gun004,爆鳞龙自尊,op_gun017
GUN_LANCE,bs_gun005,牙龙铳枪【大喰】,op_gun001
GUN_LANCE,bs_gun005,土砂龙破坏炮,op_gun002
GUN_LANCE,bs_gun005,痹贼铳枪【暗头巾】,op_gun006
GUN_LANCE,bs_gun005,碎龙破坏炮,op_gun019
GUN_LANCE,bs_gun005,斩龙破坏炮,op_gun020
GUN_LANCE,bs_gun005,罪罚铳枪,op_gun021
GUN_LANCE,bs_gun006,蛮颚龙加农炮,op_gun004
GUN_LANCE,bs_gun006,牙龙铳枪【黑头巾】,op_gun006
GUN_LANCE,bs_gun006,尸套龙火枪,op_gun008
GUN_LANCE,bs_gun006,腾跃雷颚,op_gun013
GUN_LANCE,bs_gun006,死灭烟火尸铳枪,op_gun015
GUN_LANCE,bs_gun006,巨牛大铳枪,op_gun022
GUN_LANCE,bs_gun007,金色的铳枪·水/毒/睡眠,
GUN_LANCE,bs_gun007,金色的铳枪·贼,op_gun001
GUN_LANCE,bs_gun007,金色的铳枪·土砂,op_gun002
GUN_LANCE,bs_gun007,金色的铳枪·飞雷,op_gun003
GUN_LANCE,bs_gun007,金色的铳枪·蛮颚,op_gun004
GUN_LANCE,bs_gun007,金色的铳枪·痹贼,op_gun006
GUN_LANCE,bs_gun007,金色的铳枪·风漂,op_gun007
GUN_LANCE,bs_gun007,金色的铳枪·尸套,op_gun008
GUN_LANCE,bs_gun007,金色的铳枪·王,op_gun009
GUN_LANCE,bs_gun007,金色的铳枪·泥鱼,op_gun010
GUN_LANCE,bs_gun007,金色的铳枪·爆鳞,op_gun012
GUN_LANCE,bs_gun008,铠罗铳枪·水/毒/睡眠/冰,
GUN_LANCE,bs_gun008,铠罗铳枪·贼,op_gun001
GUN_LANCE,bs_gun008,铠罗铳枪·土砂,op_gun002
GUN_LANCE,bs_gun008,铠罗铳枪·飞雷,op_gun003
GUN_LANCE,bs_gun008,铠罗铳枪·蛮颚,op_gun004
GUN_LANCE,bs_gun008,铠罗铳枪·痹贼,op_gun006
GUN_LANCE,bs_gun008,铠罗铳枪·风漂,op_gun007
GUN_LANCE,bs_gun008,铠罗铳枪·尸套,op_gun008
GUN_LANCE,bs_gun008,铠罗铳枪·王,op_gun009
GUN_LANCE,bs_gun008,铠罗铳枪·泥鱼,op_gun010
GUN_LANCE,bs_gun008,铠罗铳枪·爆鳞,op_gun012
GUN_LANCE,bs_gun009,皇后牙杖·炎妃/魂焰铳枪·炎妃,
GUN_LANCE,bs_gun009,皇后牙杖·灭尽/魂焰铳枪·灭尽,op_gun005
GUN_LANCE,bs_gun009,皇后牙杖·冥灯/魂焰铳枪·冥灯,op_gun011
GUN_LANCE,bs_gun010,铬钢镰枪,
GUN_LANCE,bs_gun010,泥岩龙异兽,op_gun010
GUN_LANCE,bs_gun011,龙骨铳枪【烈震】/封龙铳枪,
GUN_LANCE,bs_gun011,牙龙铳枪【大胃王】,op_gun001
GUN_LANCE,bs_gun011,土砂龙断崖,op_gun002
GUN_LANCE,bs_gun011,蛮颚龙之炎铳枪,op_gun004
GUN_LANCE,bs_gun012,严冰骑士/冰砦血仇,
GUN_LANCE,bs_gun013,皇金铳枪·飞雷,op_gun003
GUN_LANCE,bs_gun013,皇金铳枪·风漂,op_gun007
GUN_LANCE,bs_gun013,皇金铳枪·尸套,op_gun008
GUN_LANCE,bs_gun013,皇金铳枪·王,op_gun009
GUN_LANCE,bs_gun013,皇金铳枪·爆鳞,op_gun012
GUN_LANCE,bs_gun014,皇金铳枪·麻痹/水,
GUN_LANCE,gun001,公主铳枪改,
GUN_LANCE,gun002,红色城塔,
GUN_LANCE,gun003,钢冰铳枪/钢龙爪铳枪/钢龙暴风雨,
GUN_LANCE,gun004,烧灭种火,
GUN_LANCE,gun005,飞雷铳枪铁飞蛇/飞雷铳枪【蜻蜓切】/万雷铳枪【蜻蛉切】,
GUN_LANCE,gun006,熔山龙铳枪/真·惊天动地熔山龙铳枪,
GUN_LANCE,gun007,蔷薇铳枪/皇家铳枪·改/君王爆破铳枪,
GUN_LANCE,gun008,蓝色城塔/蓝色战车·改/元神战车,
GUN_LANCE,gun009,愚欲铳枪/暴铳枪格拉古利德,
GUN_LANCE,gun010,飞毒铳枪红火花·改/飞毒铳枪【红火蜂】,
GUN_LANCE,gun012,烧灭种火【祸】,
GUN_LANCE,gun013,双斗冰牙/双斗冰牙·改/琥珀行军,
GUN_LANCE,gun014,轰龙爆破铳枪·改/轰铳枪【虎炮】,
GUN_LANCE,gun015,水螅·水碟/暴君·水碟,
GUN_LANCE,gun016,金刚宝塔－寂灭－,
GUN_LANCE,gun017,业铳枪暴食,
GUN_LANCE,gun018,王铳枪豪雷·改/王牙铳枪【火雷】,
GUN_LANCE,gun019,狱铳枪龙血/狼牙铳枪【贪狱】,
GUN_LANCE,gun020,女王爆裂铳枪,
GUN_LANCE,gun021,古战车铳枪,
GUN_LANCE,gun022,鬼铳枪/雷鬼铳枪德拉冈,
GUN_LANCE,gun023,鬼神铳枪猛狮,
GUN_LANCE,gun024,赤龙击破枪1
GUN_LANCE,gun025,煌黑破铳枪/煌黑铳枪之灭,
GUN_LANCE,gun026,奇面族的突火枪/奇面手筒【火祭】,
GUN_LANCE,gun027,公会宫殿守序者/宫廷铳枪【护星】,
GUN_LANCE,gun028,劫难爆破铳枪/吼铳枪【焰咬】,
GUN_LANCE,gun029,白昼之夜,
GUN_LANCE,gun030,黑龙铳枪/真·黑龙铳枪,
GUN_LANCE,gun031,赤龙击破枪2
GUN_LANCE,gun032,碎光之铳枪,
HAMMER,bs_ham001,铁锤/激流强锤/闪电锤,
HAMMER,bs_ham001,花朵锤,op_ham002
HAMMER,bs_ham001,灭尽龙粉碎者,op_ham005
HAMMER,bs_ham001,马拉多战锤,op_ham006
HAMMER,bs_ham001,冥灯龙大锤/冥灯龙大锤改,op_ham011
HAMMER,bs_ham001,夜神大锤,op_ham015
HAMMER,bs_ham001,冰尖强锤,op_ham017
HAMMER,bs_ham002,防卫队战锤/(大)鬼铁/水流锤/雷光强锤/黑钢锤/黑铁,
HAMMER,bs_ham002,痹贼龙锤,op_ham006
HAMMER,bs_ham003,岩骨锤/重岩骨锤/大地之岩/龙骨大锤,
HAMMER,bs_ham003,搔鸟钉锤,op_ham001
HAMMER,bs_ham003,土砂龙链枷,op_ham003
HAMMER,bs_ham003,火炎战锤,op_ham004
HAMMER,bs_ham003,骨锤龙击锤,op_ham007
HAMMER,bs_ham003,尸套龙大锤,op_ham008
HAMMER,bs_ham003,铜头锤,op_ham009
HAMMER,bs_ham003,爆锤破坏者,op_ham010
HAMMER,bs_ham004,冲击钉锤,op_ham001
HAMMER,bs_ham004,土砂龙破坏者,op_ham003
HAMMER,bs_ham004,蛮颚龙战锤,op_ham004
HAMMER,bs_ham004,锐骨锤,op_ham007
HAMMER,bs_ham004,爆锤战锤,op_ham009
HAMMER,bs_ham004,重甲锤爆锤龙,op_ham010
HAMMER,bs_ham004,自由雷颚,op_ham014
HAMMER,bs_ham004,巨牛大蹄,op_ham019
HAMMER,bs_ham004,混沌战锤,op_ham023
HAMMER,bs_ham005,金色的锤子·水/冰/雷,
HAMMER,bs_ham005,金色的锤子·搔,op_ham001
HAMMER,bs_ham005,金色的锤子·毒妖,op_ham002
HAMMER,bs_ham005,金色的锤子·土砂,op_ham003
HAMMER,bs_ham005,金色的锤子·蛮颚,op_ham004
HAMMER,bs_ham005,金色的锤子·痹贼,op_ham006
HAMMER,bs_ham005,金色的锤子·骨锤,op_ham007
HAMMER,bs_ham005,金色的锤子·尸套,op_ham008
HAMMER,bs_ham005,金色的锤子·角,op_ham009
HAMMER,bs_ham005,金色的锤子·爆锤,op_ham010
HAMMER,bs_ham006,铠罗大锤·水/冰/雷/睡眠,
HAMMER,bs_ham006,铠罗大锤·搔,op_ham001
HAMMER,bs_ham006,铠罗大锤·毒妖,op_ham002
HAMMER,bs_ham006,铠罗大锤·土砂,op_ham003
HAMMER,bs_ham006,铠罗大锤·蛮颚,op_ham004
HAMMER,bs_ham006,铠罗大锤·痹贼,op_ham006
HAMMER,bs_ham006,铠罗大锤·骨锤,op_ham007
HAMMER,bs_ham006,铠罗大锤·尸套,op_ham008
HAMMER,bs_ham006,铠罗大锤·角,op_ham009
HAMMER,bs_ham006,铠罗大锤·爆锤,op_ham010
HAMMER,bs_ham007,皇后链锤·炎妃/魂焰刚锤·炎妃,
HAMMER,bs_ham007,皇后链锤·灭尽/魂焰刚锤·灭尽,op_ham005
HAMMER,bs_ham007,皇后链锤·冥灯/魂焰刚锤·冥灯,op_ham011
HAMMER,bs_ham008,蛇神战锤,op_ham006
HAMMER,bs_ham009,盖亚终结者 /封龙大槌,
HAMMER,bs_ham009,巢穴钩爪,op_ham001
HAMMER,bs_ham009,土砂龙冲击,op_ham003
HAMMER,bs_ham009,蛮颚龙之猛槌,op_ham004
HAMMER,bs_ham009,骨锤龙终结者 ,op_ham007
HAMMER,bs_ham009,黑羽凶槌,op_ham021
HAMMER,bs_ham010,严冰风云者/冰军极地,
HAMMER,bs_ham011,皇金锤·痹贼,op_ham006
HAMMER,bs_ham011,皇金锤·尸套,op_ham008
HAMMER,bs_ham011,皇金锤·爆锤,op_ham010
HAMMER,bs_ham012,皇金锤·水/冰/雷/爆破,
HAMMER,ham001,钢冰棍/巨大钢龙锤/超越钢龙锤,
HAMMER,ham002,鲜艳花朵/花之女神·改/圣地花神,
HAMMER,ham003,牢狱锤/电击锤/拘束之棺,
HAMMER,ham004,溃灭一击,
HAMMER,ham005,恶灵祸根,
HAMMER,ham006,熔山龙爆锤/真·活火激发熔山龙爆锤,
HAMMER,ham007,冰霜核心改/恸泣冰河·改/冰铁毁坏,
HAMMER,ham008,混沌之锤/混沌猛击,
HAMMER,ham009,水流花仙·改/水流花神,
HAMMER,ham010,恶灵的复仇/渊薮恶灵,
HAMMER,ham011,溃灭一击【坏】,
HAMMER,ham012,隐密破击者·改/夜行锤【常暗】,
HAMMER,ham013,碎龙之尾/爆锤月之尾,
HAMMER,ham014,灼炎之吞噬者·改/斩龙锤能源,
HAMMER,ham015,硫铁合交/暗穴硫斩锤,
HAMMER,ham016,明珠在掌－降魔－,
HAMMER,ham017,业锤食欲,
HAMMER,ham018,钢针锤/硬梆梆的怨气/硬梆梆地狱,
HAMMER,ham019,轰龙纹锤·改/轰锤【虎丸】,
HAMMER,ham020,王锤神雷·改/王牙锤【大雷】,
HAMMER,ham021,狱锤龙额/狼牙锤【食狱】,
HAMMER,ham022,红色冲击/火龙碎弗拉冈,
HAMMER,ham023,星碎陨落,
HAMMER,ham024,怒发锤/怒发豪大金狮,
HAMMER,ham025,鬼神锤【金鬼】,
HAMMER,ham026,碎光之灭锤,
HAMMER,ham027,赤龙攫获锤1
HAMMER,ham028,煌黑之坚锤/煌黑坚锤破毁,
HAMMER,ham029,全熟肉【特选】/超全熟肉【顶级】,
HAMMER,ham030,宇宙征服！超级8！,
HAMMER,ham031,公会宫殿链锤/宫廷十字锤【锻星】,
HAMMER,ham032,北极星重击,
HAMMER,ham033,黑龙灭锤/黑龙歼灭锤,
HAMMER,ham034,赤龙攫获锤2
HEAVY_BOWGUN,bs_hbg001,防卫队重弩/(铁制/钢铁/铬钢/水流)突击弩/激流加农炮/黑钢炮筒,
HEAVY_BOWGUN,bs_hbg001,灭尽龙重弩炮,op_hbg001
HEAVY_BOWGUN,bs_hbg001,冥灯龙重弩炮,op_hbg002
HEAVY_BOWGUN,bs_hbg001,贼龙突击弩/贼龙加农炮,op_hbg003
HEAVY_BOWGUN,bs_hbg001,闪耀突击弩/长尾重装弩,op_hbg005
HEAVY_BOWGUN,bs_hbg001,火炎突击弩,op_hbg010
HEAVY_BOWGUN,bs_hbg002,骨制发射器/坚骨发射器/动能发射器/龙骨炮,
HEAVY_BOWGUN,bs_hbg002,岩贼龙炮,op_hbg004
HEAVY_BOWGUN,bs_hbg002,角龙发射器,op_hbg006
HEAVY_BOWGUN,bs_hbg002,花朵发射器/曼陀罗爆破炮,op_hbg007
HEAVY_BOWGUN,bs_hbg002,尖刺发射器/骨锤龙加农炮,op_hbg008
HEAVY_BOWGUN,bs_hbg002,脉冲射手/飞雷龙之针,op_hbg009
HEAVY_BOWGUN,bs_hbg002,熔山龙重弩炮,op_hbg011
HEAVY_BOWGUN,bs_hbg003,金色的炮筒·援击/爆击/冷击,
HEAVY_BOWGUN,bs_hbg003,金色的炮筒·贼,op_hbg003
HEAVY_BOWGUN,bs_hbg003,金色的炮筒·岩贼,op_hbg004
HEAVY_BOWGUN,bs_hbg003,金色的炮筒·眩,op_hbg005
HEAVY_BOWGUN,bs_hbg003,金色的炮筒·角,op_hbg006
HEAVY_BOWGUN,bs_hbg003,金色的炮筒·毒妖,op_hbg007
HEAVY_BOWGUN,bs_hbg003,金色的炮筒·骨锤,op_hbg008
HEAVY_BOWGUN,bs_hbg003,金色的炮筒·飞雷,op_hbg009
HEAVY_BOWGUN,bs_hbg003,金色的炮筒·蛮颚,op_hbg010
HEAVY_BOWGUN,bs_hbg003,金色的炮筒·熔山,op_hbg011
HEAVY_BOWGUN,bs_hbg004,铠罗突击弩·援击/爆击/冷击/狙击,
HEAVY_BOWGUN,bs_hbg004,铠罗突击弩·贼,op_hbg003
HEAVY_BOWGUN,bs_hbg004,铠罗突击弩·岩贼,op_hbg004
HEAVY_BOWGUN,bs_hbg004,铠罗突击弩·眩,op_hbg005
HEAVY_BOWGUN,bs_hbg004,铠罗突击弩·角,op_hbg006
HEAVY_BOWGUN,bs_hbg004,铠罗突击弩·毒妖,op_hbg007
HEAVY_BOWGUN,bs_hbg004,铠罗突击弩·骨锤,op_hbg008
HEAVY_BOWGUN,bs_hbg004,铠罗突击弩·飞雷,op_hbg009
HEAVY_BOWGUN,bs_hbg004,铠罗突击弩·蛮颚,op_hbg010
HEAVY_BOWGUN,bs_hbg004,铠罗突击弩·熔山,op_hbg011
HEAVY_BOWGUN,bs_hbg005,皇后加农炮·炎妃/魂焰龙炮·炎妃,
HEAVY_BOWGUN,bs_hbg005,皇后加农炮·灭尽/魂焰龙炮·灭尽,op_hbg001
HEAVY_BOWGUN,bs_hbg005,皇后加农炮·冥灯/魂焰龙炮·冥灯,op_hbg002
HEAVY_BOWGUN,bs_hbg006,致命突击,
HEAVY_BOWGUN,bs_hbg006,冥灯龙重弩炮改,op_hbg002
HEAVY_BOWGUN,bs_hbg006,针锋重装弩,op_hbg005
HEAVY_BOWGUN,bs_hbg006,梦魇加农炮,op_hbg014
HEAVY_BOWGUN,bs_hbg006,冰尖突击,op_hbg016
HEAVY_BOWGUN,bs_hbg007,茁实爆破炮/封龙炮筒,
HEAVY_BOWGUN,bs_hbg007,岩贼龙大炮【青蛙】,op_hbg004
HEAVY_BOWGUN,bs_hbg007,骨锤龙火箭筒,op_hbg008
HEAVY_BOWGUN,bs_hbg007,岩浆叹息熔山大炮,op_hbg011
HEAVY_BOWGUN,bs_hbg007,朱赤毒之针,op_hbg013
HEAVY_BOWGUN,bs_hbg007,水蛇崩裂,op_hbg018
HEAVY_BOWGUN,bs_hbg007,舄湖爆破炮,op_hbg019
HEAVY_BOWGUN,bs_hbg008,严冰奔电/冰督光彩,
HEAVY_BOWGUN,bs_hbg009,皇金炮筒·角,op_hbg006
HEAVY_BOWGUN,bs_hbg009,皇金炮筒·飞雷,op_hbg009
HEAVY_BOWGUN,bs_hbg009,皇金炮筒·蛮颚,op_hbg010
HEAVY_BOWGUN,bs_hbg009,皇金炮筒·熔山,op_hbg011
HEAVY_BOWGUN,bs_hbg010,皇金炮筒·水/皇金炮筒·冰,
HEAVY_BOWGUN,hbg001,炎王大炮/炎王灼红巨炮/炎王炽红巨炮,
HEAVY_BOWGUN,hbg002,决斗者,
HEAVY_BOWGUN,hbg003,迅雷狙击弩改/迅雷闪击/扬升闪击,
HEAVY_BOWGUN,hbg004,击灭炮火,
HEAVY_BOWGUN,hbg005,蛮颚龙火炮/蛮颚重弩黑火炮·改,
HEAVY_BOWGUN,hbg006,蔷薇改/冰凌蔷薇·改,
HEAVY_BOWGUN,hbg007,新造重虎枪/重角轰炮·改/角王炮轰魂,
HEAVY_BOWGUN,hbg008,牙龙重弩炮【暴食】/【大暴食】,
HEAVY_BOWGUN,hbg009,暴食重弩/黑暗左右,
HEAVY_BOWGUN,hbg010,血气雷颚重弩·改/血气蛮雷重弩,
HEAVY_BOWGUN,hbg011,霜漂蔷薇/冷峻冰川,
HEAVY_BOWGUN,hbg012,击灭炮火【战】,
HEAVY_BOWGUN,hbg013,轰龙咆哮·改,
HEAVY_BOWGUN,hbg014,隐密狙击手·改/夜炮【黑风】,
HEAVY_BOWGUN,hbg015,碎龙加农炮/加农原子爆炮,
HEAVY_BOWGUN,hbg016,灼炎之荒芜炮,
HEAVY_BOWGUN,hbg017,硫铁裂解/蚀洞硫斩炮,
HEAVY_BOWGUN,hbg018,回光返照－天道－,
HEAVY_BOWGUN,hbg019,业重弩饥荒,
HEAVY_BOWGUN,hbg020,王炮雷弩·改/王牙炮【震雷】,
HEAVY_BOWGUN,hbg021,狱炮龙甲/狼牙炮【兽狱】,
HEAVY_BOWGUN,hbg022,金狮子炮/金狮子炮【重雷】,
HEAVY_BOWGUN,hbg023,鬼神雷炮【兽神】,
HEAVY_BOWGUN,hbg024,碎光之极炮,
HEAVY_BOWGUN,hbg025,赤龙打击炮2
HEAVY_BOWGUN,hbg026,混沌之翼/黑翼弩·穿心,
HEAVY_BOWGUN,hbg027,公会宫殿步枪/宫廷仪仗【辉星】,
HEAVY_BOWGUN,hbg028,劫难嚎叫,
HEAVY_BOWGUN,hbg029,盖烈斯咆哮,
HEAVY_BOWGUN,hbg030,黑龙炮/黑龙歼灭炮,
LANCE,bs_lan001,铁枪/钢铁枪/闪电长枪/黑钢枪,
LANCE,bs_lan001,搔鸟长枪,op_lan001
LANCE,bs_lan001,花朵长枪,op_lan002
LANCE,bs_lan001,优雅长枪/风漂龙斧枪,op_lan006
LANCE,bs_lan001,火炎长枪,op_lan009
LANCE,bs_lan001,夜神斧枪,op_lan014
LANCE,bs_lan001,霜漂斧枪,op_lan015
LANCE,bs_lan002,防卫队长枪,
LANCE,bs_lan002,搔鸟尖枪,op_lan001
LANCE,bs_lan002,曼陀罗长矛,op_lan002
LANCE,bs_lan002,舄湖尖刺,op_lan013
LANCE,bs_lan002,隐密尖枪,op_lan019
LANCE,bs_lan003,铬钢长枪/雷光长枪,
LANCE,bs_lan003,巢穴鸟喙,op_lan001
LANCE,bs_lan003,曼陀罗新芽,op_lan002
LANCE,bs_lan003,灭尽龙长枪,op_lan004
LANCE,bs_lan003,岩贼龙刺针,op_lan010
LANCE,bs_lan003,冥灯龙长枪改,op_lan011
LANCE,bs_lan004,骨枪/硬骨长枪/坚骨枪/水流骨枪/龙骨枪,
LANCE,bs_lan004,土砂龙长枪,op_lan003
LANCE,bs_lan004,巨甲虫长枪,op_lan005
LANCE,bs_lan004,惨爪长枪,op_lan007
LANCE,bs_lan004,尸套龙长枪,op_lan008
LANCE,bs_lan005,激流尖刺,
LANCE,bs_lan005,惨爪刺针,op_lan007
LANCE,bs_lan005,凶枪亡爪,op_lan016
LANCE,bs_lan005,水蛇赞叹,op_lan022
LANCE,bs_lan006,土砂龙刺针,op_lan003
LANCE,bs_lan006,黑色刺针/深黑侵略者,op_lan005
LANCE,bs_lan007,金色的长枪·水/雷/睡眠,
LANCE,bs_lan007,金色的长枪·搔,op_lan001
LANCE,bs_lan007,金色的长枪·毒妖,op_lan002
LANCE,bs_lan007,金色的长枪·土砂,op_lan003
LANCE,bs_lan007,金色的长枪·黑甲,op_lan005
LANCE,bs_lan007,金色的长枪·风漂,op_lan006
LANCE,bs_lan007,金色的长枪·惨爪,op_lan007
LANCE,bs_lan007,金色的长枪·尸套,op_lan008
LANCE,bs_lan007,金色的长枪·王,op_lan009
LANCE,bs_lan007,金色的长枪·岩贼,op_lan010
LANCE,bs_lan008,铠罗之尖·水/雷/睡眠/毒,
LANCE,bs_lan008,铠罗之尖·搔,op_lan001
LANCE,bs_lan008,铠罗之尖·毒妖,op_lan002
LANCE,bs_lan008,铠罗之尖·土砂,op_lan003
LANCE,bs_lan008,铠罗之尖·黑甲,op_lan005
LANCE,bs_lan008,铠罗之尖·风漂,op_lan006
LANCE,bs_lan008,铠罗之尖·惨爪,op_lan007
LANCE,bs_lan008,铠罗之尖·尸套,op_lan008
LANCE,bs_lan008,铠罗之尖·王,op_lan009
LANCE,bs_lan008,铠罗之尖·岩贼,op_lan010
LANCE,bs_lan009,皇后长枪/皇后长枪·炎妃/魂焰龙枪·炎妃,
LANCE,bs_lan009,皇后长枪·灭尽/魂焰龙枪·灭尽,op_lan004
LANCE,bs_lan009,皇后长枪·冥灯/魂焰龙枪·冥灯,op_lan011
LANCE,bs_lan010,铬钢螺杆/轰雷长枪,
LANCE,bs_lan010,岩贼龙螺杆,op_lan010
LANCE,bs_lan010,迅雷疾枪,op_lan023
LANCE,bs_lan010,狱界战枪改,op_lan024
LANCE,bs_lan011,大地枪戟/封龙古枪,
LANCE,bs_lan011,土砂龙枪戟,op_lan003
LANCE,bs_lan011,惨枪惨爪龙,op_lan007
LANCE,bs_lan011,碎龙枪戟,op_lan020
LANCE,bs_lan012,严冰枪骑兵/冰骑抗兵,
LANCE,bs_lan013,皇金枪·风漂,op_lan006
LANCE,bs_lan013,皇金枪·尸套,op_lan008
LANCE,bs_lan013,皇金枪·王,op_lan009
LANCE,bs_lan013,皇金枪·岩贼,op_lan010
LANCE,bs_lan014,皇金枪·麻痹/水/雷,
LANCE,lan001,赤尾长枪,
LANCE,lan002,钢冰枪/祈愿钢龙枪/王者钢龙枪,
LANCE,lan003,雷枪【霆】/【建御雷】/【鸣神】,
LANCE,lan004,灭亡之腕,
LANCE,lan005,死神的哀愁,
LANCE,lan006,爆鳞突击枪/爆鳞枪赤红巨星,
LANCE,lan007,巴别塔/远古巴别塔/失落巴别塔,
LANCE,lan008,苍尾长枪/苍色日珥·改/元神日珥,
LANCE,lan009,悲哀重枪/亚特罗西斯塔,
LANCE,lan010,死神的悲剧/凄惶死神,
LANCE,lan011,爆炎突击枪/炸裂火箭爆炎枪,
LANCE,lan012,亡灭之腕【邪】,
LANCE,lan013,轰龙之刺·改/轰枪【独虎】,
LANCE,lan014,灼炎之神牙·改/斩龙枪坚石,
LANCE,lan015,硫铁化合/深洼硫斩枪,
LANCE,lan016,金刚轮宝－仁王－,
LANCE,lan017,业枪嗜欲,
LANCE,lan018,团旗长枪【流星】/【指引之星】/继承团旗长枪【辉星】,
LANCE,lan019,团旗长枪【顺风】/【一帆风顺】/羁绊团旗长枪【疾风】,
LANCE,lan020,冰牙长枪·改/冰牙刀锋,
LANCE,lan021,方天戟【乌】/方天戟【狼】,
LANCE,lan022,银白日珥,
LANCE,lan023,鬼枪金狮子/大鬼枪金狮子,
LANCE,lan024,鬼神天枪金狮子,
LANCE,lan025,赤龙贯穿角1
LANCE,lan026,煌黑之锐枪/煌黑枪致命,
LANCE,lan027,劫难之刺/吼枪【逆咬】,
LANCE,lan028,公会宫殿高塔/宫廷丽枪【贤星】,
LANCE,lan029,骑兵罗德斯,
LANCE,lan030,黑龙枪/真·黑龙枪,
LANCE,lan031,赤龙贯穿角2
LANCE,lan032,碎光之喷枪,
LIGHT_BOWGUN,bs_lbg001,防卫队轻弩/(迅击/高能迅击/铬钢/闪电/雷光/冰雪/寒霜)迅击弩/黑钢弩,
LIGHT_BOWGUN,bs_lbg001,灭尽龙轻弩炮,op_lbg001
LIGHT_BOWGUN,bs_lbg001,冥灯龙轻弩炮,op_lbg003
LIGHT_BOWGUN,bs_lbg001,浮空龙迅击弩/浮空龙飓风炮,op_lbg004
LIGHT_BOWGUN,bs_lbg001,贼龙迅击弩/贼龙火炮,op_lbg005
LIGHT_BOWGUN,bs_lbg001,火炎迅击弩/火龙破坏炮,op_lbg007
LIGHT_BOWGUN,bs_lbg001,爆鳞龙台风炮,op_lbg012
LIGHT_BOWGUN,bs_lbg002,猎人步枪/能量步枪/狙击射手/龙骨弩,
LIGHT_BOWGUN,bs_lbg002,尸套龙轻弩,op_lbg002
LIGHT_BOWGUN,bs_lbg002,惨爪步枪,op_lbg006
LIGHT_BOWGUN,bs_lbg002,泥岩步枪/泥鱼龙子弹弩,op_lbg008
LIGHT_BOWGUN,bs_lbg002,熔岩子弹弩,op_lbg009
LIGHT_BOWGUN,bs_lbg002,土砂龙步枪/土砂龙射手,op_lbg010
LIGHT_BOWGUN,bs_lbg002,火炎步枪/蛮颚龙破坏炮,op_lbg011
LIGHT_BOWGUN,bs_lbg003,金色的弩·狙击/迫击/射击,
LIGHT_BOWGUN,bs_lbg003,金色的弩·尸套,op_lbg002
LIGHT_BOWGUN,bs_lbg003,金色的弩·浮空,op_lbg004
LIGHT_BOWGUN,bs_lbg003,金色的弩·贼,op_lbg005
LIGHT_BOWGUN,bs_lbg003,金色的弩·惨爪,op_lbg006
LIGHT_BOWGUN,bs_lbg003,金色的弩·王,op_lbg007
LIGHT_BOWGUN,bs_lbg003,金色的弩·泥鱼,op_lbg008
LIGHT_BOWGUN,bs_lbg003,金色的弩·熔岩,op_lbg009
LIGHT_BOWGUN,bs_lbg003,金色的弩·土砂,op_lbg010
LIGHT_BOWGUN,bs_lbg003,金色的弩·蛮颚,op_lbg011
LIGHT_BOWGUN,bs_lbg003,金色的弩·爆鳞,op_lbg012
LIGHT_BOWGUN,bs_lbg004,铠罗迅击弩·狙击/迫击/射击/援击,
LIGHT_BOWGUN,bs_lbg004,铠罗迅击弩·尸套,op_lbg002
LIGHT_BOWGUN,bs_lbg004,铠罗迅击弩·浮空,op_lbg004
LIGHT_BOWGUN,bs_lbg004,铠罗迅击弩·贼,op_lbg005
LIGHT_BOWGUN,bs_lbg004,铠罗迅击弩·惨爪,op_lbg006
LIGHT_BOWGUN,bs_lbg004,铠罗迅击弩·王,op_lbg007
LIGHT_BOWGUN,bs_lbg004,铠罗迅击弩·泥鱼,op_lbg008
LIGHT_BOWGUN,bs_lbg004,铠罗迅击弩·熔岩,op_lbg009
LIGHT_BOWGUN,bs_lbg004,铠罗迅击弩·土砂,op_lbg010
LIGHT_BOWGUN,bs_lbg004,铠罗迅击弩·蛮颚,op_lbg011
LIGHT_BOWGUN,bs_lbg004,铠罗迅击弩·爆鳞,op_lbg012
LIGHT_BOWGUN,bs_lbg005,皇后甲壳·炎妃/魂焰龙弩·炎妃,
LIGHT_BOWGUN,bs_lbg005,皇后甲壳·灭尽/魂焰龙弩·灭尽,op_lbg001
LIGHT_BOWGUN,bs_lbg005,皇后甲壳·冥灯/魂焰龙弩·冥灯,op_lbg003
LIGHT_BOWGUN,bs_lbg006,十字猛击弩,
LIGHT_BOWGUN,bs_lbg006,冥灯龙轻弩炮改,op_lbg003
LIGHT_BOWGUN,bs_lbg006,牙龙弩【风噬】,op_lbg005
LIGHT_BOWGUN,bs_lbg006,舄湖迅击弩,op_lbg013
LIGHT_BOWGUN,bs_lbg006,梦魇种子,op_lbg016
LIGHT_BOWGUN,bs_lbg006,爆鳞龙核心,op_lbg018
LIGHT_BOWGUN,bs_lbg006,轰龙火炮,op_lbg019
LIGHT_BOWGUN,bs_lbg006,隐密子弹弩,op_lbg020
LIGHT_BOWGUN,bs_lbg006,斩龙迅击弩,op_lbg022
LIGHT_BOWGUN,bs_lbg006,罪罚迅击弩,op_lbg023
LIGHT_BOWGUN,bs_lbg006,黑羽弩,op_lbg026
LIGHT_BOWGUN,bs_lbg006,银光煌龙弩,op_lbg027
LIGHT_BOWGUN,bs_lbg006,劫难火炮,op_lbg028
LIGHT_BOWGUN,bs_lbg006,魂魄炮苍炎弩,op_lbg030
LIGHT_BOWGUN,bs_lbg007,破碎发射器/封龙弩,
LIGHT_BOWGUN,bs_lbg007,火碎铳,op_lbg009
LIGHT_BOWGUN,bs_lbg007,土砂龙坍崩,op_lbg010
LIGHT_BOWGUN,bs_lbg007,冰鱼龙发射器,op_lbg014
LIGHT_BOWGUN,bs_lbg007,晃射雷颚,op_lbg015
LIGHT_BOWGUN,bs_lbg007,碎龙射手,op_lbg021
LIGHT_BOWGUN,bs_lbg007,巨牛大弩,op_lbg024
LIGHT_BOWGUN,bs_lbg008,严冰飞鹰/冰姬隼击,
LIGHT_BOWGUN,bs_lbg009,皇金弩·尸套,op_lbg002
LIGHT_BOWGUN,bs_lbg009,皇金弩·惨爪,op_lbg006
LIGHT_BOWGUN,bs_lbg009,皇金弩·王,op_lbg007
LIGHT_BOWGUN,bs_lbg009,皇金弩·爆鳞,op_lbg012
LIGHT_BOWGUN,bs_lbg010,皇金弩·雷/冰,
LIGHT_BOWGUN,lbg001,鬼岛/大鬼岛/神岛,
LIGHT_BOWGUN,lbg002,幻兽筒改/幻兽筒【三角】/麒麟筒【三界三祸】,
LIGHT_BOWGUN,lbg003,钢冰蜂弩/钢龙冰蜂弩/钢龙冰蜂寒弩,
LIGHT_BOWGUN,lbg004,毁灭的契机,
LIGHT_BOWGUN,lbg005,骷髅的呐喊,
LIGHT_BOWGUN,lbg006,宿命之火/业【羯磨】·改,
LIGHT_BOWGUN,lbg007,十字弩炮/巨型十字弩炮/新·十字弩炮,
LIGHT_BOWGUN,lbg008,恐怖机械/疯狂悲叹,
LIGHT_BOWGUN,lbg009,冥府铳火/死灵【冤魂】,
LIGHT_BOWGUN,lbg010,骷髅的绝望/灾厄骷髅,
LIGHT_BOWGUN,lbg011,毁灭的契机【悲】,
LIGHT_BOWGUN,lbg012,暴风加农·改/暴风雹弩,
LIGHT_BOWGUN,lbg013,水螅·刺胞/暴君·刺胞,
LIGHT_BOWGUN,lbg014,盛者必衰－散华－,
LIGHT_BOWGUN,lbg015,业弩暗黑狂乱,
LIGHT_BOWGUN,lbg016,王弩雷管·改/王牙弩【野雷】,
LIGHT_BOWGUN,lbg017,狱弩龙心/狱弩龙舌,
LIGHT_BOWGUN,lbg018,金狮子弩/金狮子筒【万雷】,
LIGHT_BOWGUN,lbg019,鬼神筒【雷天】,
LIGHT_BOWGUN,lbg020,赤龙狙击弩1
LIGHT_BOWGUN,lbg021,煌黑烈弩/煌黑弩终结者,
LIGHT_BOWGUN,lbg022,公会宫殿弩枪/宫廷警弩【狙星】,
LIGHT_BOWGUN,lbg023,暴风突击,
LIGHT_BOWGUN,lbg024,HARDUMMY,
LIGHT_BOWGUN,lbg025,黑龙翼弩/真·黑龙翼弩,
LIGHT_BOWGUN,lbg026,赤龙狙击弩2
LIGHT_BOWGUN,lbg027,碎光之辉弩,
LONG_SWORD,bs_two001,霜炎/防卫队炎刃型大剑,
LONG_SWORD,bs_two001,曼陀罗之炎,op_two002
LONG_SWORD,bs_two001,马拉多之铁,op_two006
LONG_SWORD,bs_two001,熔岩之炎,op_two009
LONG_SWORD,bs_two001,隐密之炎,op_two017
LONG_SWORD,bs_two001,斩龙之炎,op_two018
LONG_SWORD,bs_two002,巨剑/巨刃剑/铬钢剃刀/雷刃剑/冰刃剑/黑钢大剑,
LONG_SWORD,bs_two002,火炎之刃,op_two001
LONG_SWORD,bs_two002,鲜花之刃,op_two002
LONG_SWORD,bs_two002,贼龙之刃,op_two003
LONG_SWORD,bs_two002,痹贼龙大剑,op_two006
LONG_SWORD,bs_two002,火碎剑,op_two009
LONG_SWORD,bs_two002,冥灯龙大剑改,op_two010
LONG_SWORD,bs_two002,夜神剃刀,op_two015
LONG_SWORD,bs_two003,雷光惩罚者,
LONG_SWORD,bs_two003,贼龙钩爪,op_two003
LONG_SWORD,bs_two003,灭尽龙的裁决,op_two005
LONG_SWORD,bs_two003,蛇神断头台,op_two006
LONG_SWORD,bs_two003,巨牛大斧,op_two020
LONG_SWORD,bs_two003,迅雷断裂斧,op_two022
LONG_SWORD,bs_two003,狱界断罪斧改,op_two023
LONG_SWORD,bs_two004,激流巨像/封龙大剑,
LONG_SWORD,bs_two004,土砂龙巨汉,op_two004
LONG_SWORD,bs_two004,块剑拉多巴尔喀,op_two007
LONG_SWORD,bs_two004,舄湖巨像,op_two013
LONG_SWORD,bs_two005,骨剑/斩骨剑/断水剑/龙骨大剑,
LONG_SWORD,bs_two005,土砂龙巨剑,op_two004
LONG_SWORD,bs_two005,尖刺剑,op_two007
LONG_SWORD,bs_two005,熔山龙大剑,op_two012
LONG_SWORD,bs_two005,冰鱼龙斩剑,op_two014
LONG_SWORD,bs_two006,大龙颚,
LONG_SWORD,bs_two006,土砂龙粉碎者,op_two004
LONG_SWORD,bs_two006,尸套龙大剑,op_two008
LONG_SWORD,bs_two006,罪罚粉碎者,op_two019
LONG_SWORD,bs_two007,金色的大剑·水/冰/睡眠,
LONG_SWORD,bs_two007,金色的大剑·王,op_two001
LONG_SWORD,bs_two007,金色的大剑·毒妖,op_two002
LONG_SWORD,bs_two007,金色的大剑·贼,op_two003
LONG_SWORD,bs_two007,金色的大剑·土砂,op_two004
LONG_SWORD,bs_two007,金色的大剑·痹贼,op_two006
LONG_SWORD,bs_two007,金色的大剑·骨锤,op_two007
LONG_SWORD,bs_two007,金色的大剑·尸套,op_two008
LONG_SWORD,bs_two007,金色的大剑·熔岩,op_two009
LONG_SWORD,bs_two007,金色的大剑·熔山,op_two012
LONG_SWORD,bs_two008,铠罗炎·水/冰/睡眠/雷,
LONG_SWORD,bs_two008,铠罗炎·王,op_two001
LONG_SWORD,bs_two008,铠罗炎·毒妖,op_two002
LONG_SWORD,bs_two008,铠罗炎·贼,op_two003
LONG_SWORD,bs_two008,铠罗炎·土砂,op_two004
LONG_SWORD,bs_two008,铠罗炎·痹贼,op_two006
LONG_SWORD,bs_two008,铠罗炎·骨锤,op_two007
LONG_SWORD,bs_two008,铠罗炎·尸套,op_two008
LONG_SWORD,bs_two008,铠罗炎·熔岩,op_two009
LONG_SWORD,bs_two008,铠罗炎·熔山,op_two012
LONG_SWORD,bs_two009,皇后冠·炎妃/魂焰刚剑·炎妃,
LONG_SWORD,bs_two009,皇后冠·灭尽/魂焰刚剑·灭尽,op_two005
LONG_SWORD,bs_two009,皇后冠·冥灯/魂焰刚剑·冥灯,op_two010
LONG_SWORD,bs_two010,铬钢死神镰刀,
LONG_SWORD,bs_two010,曼陀罗茁壮,op_two002
LONG_SWORD,bs_two010,贼龙兵器,op_two003
LONG_SWORD,bs_two011,大鬼龙颚,
LONG_SWORD,bs_two011,激骨锤削岩剑,op_two007
LONG_SWORD,bs_two011,岩浆卫士熔山剑,op_two012
LONG_SWORD,bs_two012,严冰之翼/冰翼灵羽,
LONG_SWORD,bs_two013,皇金大剑·王,op_two001
LONG_SWORD,bs_two013,皇金大剑·痹贼,op_two006
LONG_SWORD,bs_two013,皇金大剑·尸套,op_two008
LONG_SWORD,bs_two013,皇金大剑·熔山,op_two012
LONG_SWORD,bs_two014,皇金大剑·水/冰/雷,
LONG_SWORD,two001,钢冰大剑/钢龙冻大剑/钢龙寒冰大剑,
LONG_SWORD,two002,召雷剑【麒麟】/【麒麟王】/【麒麟帝】,
LONG_SWORD,two003,赤红之翼,
LONG_SWORD,two004,灭鬼凶器,
LONG_SWORD,two005,蛮颚龙大剑/兵器蛮炎大剑,
LONG_SWORD,two006,怪物的愤怒,
LONG_SWORD,two007,龙颚剑【巨齿】/龙颚剑【绝牙】,
LONG_SWORD,two008,蓝翼大剑/火龙煌剑·改/火龙煌炎剑,
LONG_SWORD,two009,狂战士之剑/痛苦之剑,
LONG_SWORD,two010,龙热机关式【钢翼】/爆热机关式【银翼】,
LONG_SWORD,two011,冰尖巨牙·改/断海冰牙,
LONG_SWORD,two012,兵器雷颚大剑·改/兵器蛮雷大剑,
LONG_SWORD,two013,怪物的狂气/怨憎怪物,
LONG_SWORD,two014,灭鬼凶器【断】,
LONG_SWORD,two015,轰龙大颚·改/轰大剑【王虎】,
LONG_SWORD,two016,碎龙巨剑/爆大剑恶霸之刃,
LONG_SWORD,two017,无相法身－不动－,
LONG_SWORD,two018,业剑暗黑暴食,
LONG_SWORD,two019,辉剑火龙,
LONG_SWORD,two020,鬼金棒/大鬼金棒,
LONG_SWORD,two021,鬼神金棒【猿魔王】,
LONG_SWORD,two022,碎光之击剑,
LONG_SWORD,two023,赤龙断绝剑1
LONG_SWORD,two024,煌黑之大剑/煌黑大剑龙击,
LONG_SWORD,two025,冷冻旗鱼/冷冻剑鱼/瞬间冷冻剑鱼,
LONG_SWORD,two026,公会宫殿大剑/宫廷王剑【金星】,
LONG_SWORD,two027,劫难之刃/吼大剑【荒咬】,
LONG_SWORD,two028,狂击巨凶,
LONG_SWORD,two029,黑龙刃/黑龙玄刃,
LONG_SWORD,two030,赤龙断绝剑2
ROD,bs_rod001,防卫队操虫棍/(铁制/钢铁/铬钢/冰霜/黑钢)长刀,
ROD,bs_rod001,搔鸟长刀/星空长刀,op_rod001
ROD,bs_rod001,花朵之刀/曼陀罗长刀,op_rod002
ROD,bs_rod001,灭尽龙的沉静,op_rod004
ROD,bs_rod001,闪耀长刀,op_rod005
ROD,bs_rod001,火炎长刀,op_rod008
ROD,bs_rod001,夜神长刀,op_rod016
ROD,bs_rod002,冻寒疾风刀,
ROD,bs_rod002,巢穴飞跃,op_rod001
ROD,bs_rod002,曼陀罗暴风雨,op_rod002
ROD,bs_rod002,利刃长刀,op_rod005
ROD,bs_rod002,岩贼龙长鞭,op_rod010
ROD,bs_rod002,冥灯龙长刀改,op_rod011
ROD,bs_rod002,隐密长鞭,op_rod020
ROD,bs_rod003,骨棍/硬骨棍/飞空棍/水流棍/龙骨棍,
ROD,bs_rod003,脉冲长棍/飞雷龙之柱,op_rod003
ROD,bs_rod003,惨爪长棍,op_rod006
ROD,bs_rod003,尸套龙操虫棍,op_rod007
ROD,bs_rod003,爆锤棍,op_rod009
ROD,bs_rod003,朱赤痹之柱,op_rod015
ROD,bs_rod003,轰龙长棍,op_rod019
ROD,bs_rod003,劫难长棍,op_rod024
ROD,bs_rod004,激流长刀,
ROD,bs_rod004,暴君长刀,op_rod009
ROD,bs_rod004,舄湖长刀,op_rod013
ROD,bs_rod004,冰鱼龙长柄刀,op_rod014
ROD,bs_rod004,命运长刀,op_rod023
ROD,bs_rod005,金色的长刀·水/冰/麻痹,
ROD,bs_rod005,金色的长刀·搔,op_rod001
ROD,bs_rod005,金色的长刀·毒妖,op_rod002
ROD,bs_rod005,金色的长刀·飞雷,op_rod003
ROD,bs_rod005,金色的长刀·眩,op_rod005
ROD,bs_rod005,金色的长刀·惨爪,op_rod006
ROD,bs_rod005,金色的长刀·尸套,op_rod007
ROD,bs_rod005,金色的长刀·王,op_rod008
ROD,bs_rod005,金色的长刀·角,op_rod009
ROD,bs_rod005,金色的长刀·岩贼,op_rod010
ROD,bs_rod006,铠罗长刀·水/冰/麻痹/睡眠,
ROD,bs_rod006,铠罗长刀·搔,op_rod001
ROD,bs_rod006,铠罗长刀·毒妖,op_rod002
ROD,bs_rod006,铠罗长刀·飞雷,op_rod003
ROD,bs_rod006,铠罗长刀·眩,op_rod005
ROD,bs_rod006,铠罗长刀·惨爪,op_rod006
ROD,bs_rod006,铠罗长刀·尸套,op_rod007
ROD,bs_rod006,铠罗长刀·王,op_rod008
ROD,bs_rod006,铠罗长刀·角,op_rod009
ROD,bs_rod006,铠罗长刀·岩贼,op_rod010
ROD,bs_rod007,皇后长鞭·炎妃/魂焰龙戟·炎妃,
ROD,bs_rod007,皇后长鞭·灭尽/魂焰龙戟·灭尽,op_rod004
ROD,bs_rod007,皇后长鞭·冥灯/魂焰龙戟·冥灯,op_rod011
ROD,bs_rod008,铬钢三叉,
ROD,bs_rod008,下潜长刀,op_rod005
ROD,bs_rod008,岩贼龙巫师,op_rod010
ROD,bs_rod009,飞空巫师/封龙古杖,
ROD,bs_rod009,飞雷龙之锚,op_rod003
ROD,bs_rod009,死灭虫尸杖,op_rod017
ROD,bs_rod009,水蛇奥秘,op_rod022
ROD,bs_rod010,严冰权杖/冰贤友爱,
ROD,bs_rod011,皇金长刀·飞雷,op_rod003
ROD,bs_rod011,皇金长刀·尸套,op_rod007
ROD,bs_rod011,皇金长刀·王,op_rod008
ROD,bs_rod011,皇金长刀·岩贼,op_rod010
ROD,bs_rod012,皇金长刀·水/冰/麻痹,
ROD,rod001,深蓝电光/苍蓝电魂/碧绿神鸣/天之幻雷,
ROD,rod002,灵魂钢龙棍/冰体钢龙棍/锈冰钢龙棍,
ROD,rod003,火龙棍【炎舞】·改,
ROD,rod004,扑灭导灯,
ROD,rod005,蛮颚龙杆刀/蛮颚棍翼龙杆刀·改/直杆蛮炎棍,
ROD,rod006,魅惑三钴杵/恶【罪恶】/凶恶【残虐】,
ROD,rod007,邪恶之翼/污秽暴风雨,
ROD,rod008,穿心枪盖博尔格·真/穿心枪盖博尔格·极,
ROD,rod009,直杆雷颚棍·改/直杆蛮雷棍,
ROD,rod010,冥府三钴杵/死线【亡期】,
ROD,rod011,扑灭导灯【暗】,
ROD,rod012,琥珀曲棍·改/巨狼暴风雨,
ROD,rod013,碎龙长棍/爆棍一柱擎天,
ROD,rod014,灼炎之奔流·改/斩龙旋狱棍,
ROD,rod015,硫铁环连/穴地硫斩旋,
ROD,rod016,三世十方－智慧－,
ROD,rod017,业翼躁狂,
ROD,rod018,王棍雷电·改/王牙棍【别雷】,
ROD,rod019,狱棍龙鸣/狼牙棍【亡狱】,
ROD,rod020,缭乱辉龙棍,
ROD,rod021,金碎棍棒/金碎棍豪电雷,
ROD,rod022,鬼神棍【猿王】,
ROD,rod023,碎光之黑曜杵,
ROD,rod024,赤龙降伏锚1
ROD,rod025,煌黑之龙棍/煌黑龙棍殒命,
ROD,rod026,苍炎棍【飞翔】,
ROD,rod027,公会宫殿权杖/宫廷旗杖【巡星】,
ROD,rod028,巨狼霜冻,
ROD,rod029,黑龙棍/真·黑龙棍,
ROD,rod030,赤龙降伏锚2
RodInsect,mus001,克里多隆虫,
RodInsect,mus002,金光圣甲虫,
RodInsect,mus003,阿玛斯达古虫,
RodInsect,mus004,莫纳克布鲁斯达古虫,
RodInsect,mus005,列吉纳波兰堤虫,
RodInsect,mus006,贾吉尔多雷虫,
RodInsect,mus007,咚库拉普虫,
RodInsect,mus008,乌卡都雷虫,
RodInsect,mus009,卡捷奇里巴涅虫,
RodInsect,mus010,奥希纳朵虫,
RodInsect,mus011,希纳朵莫多奇虫,
RodInsect,mus012,马尔多隆虫,
RodInsect,mus013,恐惧银色金龟子,
RodInsect,mus014,札米鲁比托尔虫,
RodInsect,mus015,肯尼希苟比托尔虫,
RodInsect,mus016,菲尔卡诺虫,
RodInsect,mus017,哈鲁奇塔虫,
RodInsect,mus018,多伦奇塔虫,
RodInsect,mus019,艾尔若阿尼亚虫,
RodInsect,mus020,加尔黑尔虫,
RodInsect,mus021,梅巴奇尔虫,
RodInsect,mus022,梵里艾尔虫,
RodInsect,mus023,龙魂虫,
RodInsect,mus024,齿钳锹形虫·速,
RodInsect,mus025,咒缚天牛·速,
RodInsect,mus026,西纳托红枫虫·愈,
RodInsect,mus027,光辉独角仙·速,
RodInsect,mus028,爱心巨虫·攻,
RodInsect,mus029,弹头雀蛾·攻,
SHORT_SWORD,bs_one001,猎人匕首/钢铁匕首/铬钢切刀/水流小刀,
SHORT_SWORD,bs_one001,鲜花匕首,op_one002
SHORT_SWORD,bs_one001,浮空龙匕首,op_one006
SHORT_SWORD,bs_one001,优雅斗士,op_one007
SHORT_SWORD,bs_one001,火炎匕首,op_one009
SHORT_SWORD,bs_one001,冥灯龙剑改,op_one011
SHORT_SWORD,bs_one001,痹贼龙匕首,op_one013
SHORT_SWORD,bs_one002,汹涌奔流/黑钢剑,
SHORT_SWORD,bs_one002,盛开曼陀罗,op_one002
SHORT_SWORD,bs_one002,舄湖盛开,op_one014
SHORT_SWORD,bs_one003,防卫队战斧型击剑,
SHORT_SWORD,bs_one003,曼陀罗满开,op_one002
SHORT_SWORD,bs_one003,灭尽龙片手剑,op_one005
SHORT_SWORD,bs_one003,浮空龙战斧,op_one006
SHORT_SWORD,bs_one003,马拉多战斧,op_one013
SHORT_SWORD,bs_one003,夜神战斧,op_one015
SHORT_SWORD,bs_one004,骨制曲刀/酋长曲刀/闪雷锐剑/龙骨剑,
SHORT_SWORD,bs_one004,贼龙锐剑,op_one001
SHORT_SWORD,bs_one004,土砂龙锐剑,op_one003
SHORT_SWORD,bs_one004,火炎锐剑,op_one004
SHORT_SWORD,bs_one004,尖刺锐剑,op_one008
SHORT_SWORD,bs_one004,雷刀,op_one010
SHORT_SWORD,bs_one005,大地巴龙刀/雷光战狂,
SHORT_SWORD,bs_one005,牙龙剑【恶噬】,op_one001
SHORT_SWORD,bs_one005,雷光刀,op_one010
SHORT_SWORD,bs_one005,斩龙战狂,op_one018
SHORT_SWORD,bs_one005,罪罚战狂,op_one019
SHORT_SWORD,bs_one005,水蛇冲突,op_one021
SHORT_SWORD,bs_one006,贼龙棍棒,op_one001
SHORT_SWORD,bs_one006,土砂龙棍棒,op_one003
SHORT_SWORD,bs_one006,骨锤龙棍棒/暴戾骨锤剑,op_one008
SHORT_SWORD,bs_one007,金色的剑·水/龙/爆破,
SHORT_SWORD,bs_one007,金色的剑·贼,op_one001
SHORT_SWORD,bs_one007,金色的剑·毒妖,op_one002
SHORT_SWORD,bs_one007,金色的剑·土砂,op_one003
SHORT_SWORD,bs_one007,金色的剑·蛮颚,op_one004
SHORT_SWORD,bs_one007,金色的剑·浮空,op_one006
SHORT_SWORD,bs_one007,金色的剑·风漂,op_one007
SHORT_SWORD,bs_one007,金色的剑·骨锤,op_one008
SHORT_SWORD,bs_one007,金色的剑·王,op_one009
SHORT_SWORD,bs_one007,金色的剑·幻,op_one010
SHORT_SWORD,bs_one007,金色的剑·痹贼,op_one013
SHORT_SWORD,bs_one008,铠罗切刀·水/龙/爆破/火,
SHORT_SWORD,bs_one008,铠罗切刀·贼,op_one001
SHORT_SWORD,bs_one008,铠罗切刀·毒妖,op_one002
SHORT_SWORD,bs_one008,铠罗切刀·土砂,op_one003
SHORT_SWORD,bs_one008,铠罗切刀·蛮颚,op_one004
SHORT_SWORD,bs_one008,铠罗切刀·浮空,op_one006
SHORT_SWORD,bs_one008,铠罗切刀·风漂,op_one007
SHORT_SWORD,bs_one008,铠罗切刀·骨锤,op_one008
SHORT_SWORD,bs_one008,铠罗切刀·王,op_one009
SHORT_SWORD,bs_one008,铠罗切刀·幻,op_one010
SHORT_SWORD,bs_one008,铠罗切刀·痹贼,op_one013
SHORT_SWORD,bs_one009,皇后锐剑·炎妃/魂焰龙剑·炎妃,
SHORT_SWORD,bs_one009,皇后锐剑·灭尽/魂焰龙剑·灭尽,op_one005
SHORT_SWORD,bs_one009,皇后锐剑·冥灯/魂焰龙剑·冥灯,op_one011
SHORT_SWORD,bs_one010,铬钢骑士剑,
SHORT_SWORD,bs_one010,浮空龙雄兵,op_one006
SHORT_SWORD,bs_one010,蛇神直刀,op_one013
SHORT_SWORD,bs_one011,暴戾灰烬/封龙古剑,
SHORT_SWORD,bs_one011,土砂龙混乱,op_one003
SHORT_SWORD,bs_one011,幻雷刃,op_one010
SHORT_SWORD,bs_one012,严冰微风/冰帝穹宫,
SHORT_SWORD,bs_one013,皇金剑·风漂,op_one007
SHORT_SWORD,bs_one013,皇金剑·王,op_one009
SHORT_SWORD,bs_one013,皇金剑·幻,op_one010
SHORT_SWORD,bs_one013,皇金剑·痹贼,op_one013
SHORT_SWORD,bs_one014,皇金剑·水/龙/爆破,
SHORT_SWORD,one001,炎王之剑/炎王纹章/炎王绯色荣耀,
SHORT_SWORD,one002,炙热锐剑/日冕短剑·改,
SHORT_SWORD,one003,公主刺剑/女王刺剑,
SHORT_SWORD,one004,歼灭之尖兵,
SHORT_SWORD,one005,三星剑/冰凌三星剑·改,
SHORT_SWORD,one006,蛮颚龙剑/蛮颚剑追寻者·改/追寻者蛮炎剑,
SHORT_SWORD,one007,重铁剑/至尊剑,
SHORT_SWORD,one008,女王蔷薇/皇家蔷薇·改/君王蔷薇,
SHORT_SWORD,one009,致命暴龙/致命宽剑,
SHORT_SWORD,one010,轰龙爪·改/轰剑【虎眼】,
SHORT_SWORD,one011,追寻者雷颚剑·改/追寻者蛮雷剑,
SHORT_SWORD,one012,霜漂三星剑/凌冽冰川,
SHORT_SWORD,one013,歼灭之尖兵【狂】,
SHORT_SWORD,one014,隐密锐剑·改/暗夜剑【昏冥】,
SHORT_SWORD,one015,碎龙锐剑/爆剑战火之刀,
SHORT_SWORD,one016,妙法应身－莲华－,
SHORT_SWORD,one017,业铊渴望,
SHORT_SWORD,one018,冰尖利刃·改/冰牙锐爪,
SHORT_SWORD,one019,王剑疾雷·改/王牙剑【折雷】,
SHORT_SWORD,one020,狱剑龙鳞/狼牙剑【欲狱】,
SHORT_SWORD,one021,疯狂玫瑰,
SHORT_SWORD,one022,白金黎明,
SHORT_SWORD,one023,金兽棍/金兽棍【禁忌】,
SHORT_SWORD,one024,鬼神棍豪猩,
SHORT_SWORD,one025,碎光之恒剑,
SHORT_SWORD,one026,赤龙撕裂牙1
SHORT_SWORD,one027,煌黑之剑/煌黑剑双影,
SHORT_SWORD,one028,遗产之剑/传说之剑,
SHORT_SWORD,one029,苍色日冕短剑,
SHORT_SWORD,one030,猎魔人的银剑
SHORT_SWORD,one031,公会宫殿利剑/宫廷继剑【新星】,
SHORT_SWORD,one032,劫难爪/吼剑【地咬】,
SHORT_SWORD,one033,银白雪波,
SHORT_SWORD,one034,黑龙剑/真·黑龙剑,
SHORT_SWORD,one035,赤龙撕裂牙2
SLASH_AXE,bs_saxe001,(铁制/钢铁剑斧/合金/黑钢)剑斧/闪电斧/剑斧,
SLASH_AXE,bs_saxe001,贼龙剑斧,op_saxe001
SLASH_AXE,bs_saxe001,灭尽龙斩斧,op_saxe004
SLASH_AXE,bs_saxe001,优雅战斧,op_saxe006
SLASH_AXE,bs_saxe001,火龙剑斧,op_saxe008
SLASH_AXE,bs_saxe001,曼陀罗花园,op_saxe013
SLASH_AXE,bs_saxe001,涌湍礁湖,op_saxe014
SLASH_AXE,bs_saxe001,黑羽剑斧,op_saxe027
SLASH_AXE,bs_saxe002,雷光迅斧/防卫队变形式剑斧,
SLASH_AXE,bs_saxe002,贼龙掠夺者,op_saxe001
SLASH_AXE,bs_saxe002,火龙斧飞龙牙,op_saxe008
SLASH_AXE,bs_saxe002,动力迅斧/重机巨动力,op_saxe010
SLASH_AXE,bs_saxe002,冥灯龙剑斧/冥灯龙剑斧改,op_saxe011
SLASH_AXE,bs_saxe002,爆鳞龙剑斧,op_saxe012
SLASH_AXE,bs_saxe002,爆鳞龙心,op_saxe018
SLASH_AXE,bs_saxe002,轰龙掠夺者,op_saxe019
SLASH_AXE,bs_saxe002,迅雷剑斧,op_saxe025
SLASH_AXE,bs_saxe002,狱界斩裂斧/狱界斩裂斧改,op_saxe026
SLASH_AXE,bs_saxe002,银牙煌龙斧,op_saxe028
SLASH_AXE,bs_saxe002,劫难掠夺者,op_saxe029
SLASH_AXE,bs_saxe002,蓝牙苍炎斧,op_saxe031
SLASH_AXE,bs_saxe003,骨制剑斧/骨制斩斧/重击斩斧/龙骨剑斧,
SLASH_AXE,bs_saxe003,泥岩斧,op_saxe002
SLASH_AXE,bs_saxe003,土砂龙斧,op_saxe003
SLASH_AXE,bs_saxe003,浮空龙大斧/浮空龙斩斧,op_saxe005
SLASH_AXE,bs_saxe003,尸套龙剑斧,op_saxe007
SLASH_AXE,bs_saxe003,爆锤斧,op_saxe009
SLASH_AXE,bs_saxe003,夜神斩斧,op_saxe015
SLASH_AXE,bs_saxe003,斩龙斩斧,op_saxe021
SLASH_AXE,bs_saxe003,罪罚斩斧,op_saxe022
SLASH_AXE,bs_saxe004,泥鱼龙剑斧,op_saxe002
SLASH_AXE,bs_saxe004,土砂龙剑斧,op_saxe003
SLASH_AXE,bs_saxe004,狞悍浮空龙,op_saxe005
SLASH_AXE,bs_saxe004,碎龙斩斧,op_saxe020
SLASH_AXE,bs_saxe005,金色的剑斧·雷/麻痹/睡眠,
SLASH_AXE,bs_saxe005,金色的剑斧·贼,op_saxe001
SLASH_AXE,bs_saxe005,金色的剑斧·泥鱼,op_saxe002
SLASH_AXE,bs_saxe005,金色的剑斧·土砂,op_saxe003
SLASH_AXE,bs_saxe005,金色的剑斧·浮空,op_saxe005
SLASH_AXE,bs_saxe005,金色的剑斧·风漂,op_saxe006
SLASH_AXE,bs_saxe005,金色的剑斧·尸套,op_saxe007
SLASH_AXE,bs_saxe005,金色的剑斧·王,op_saxe008
SLASH_AXE,bs_saxe005,金色的剑斧·角,op_saxe009
SLASH_AXE,bs_saxe005,金色的剑斧·爆锤,op_saxe010
SLASH_AXE,bs_saxe005,金色的剑斧·爆鳞,op_saxe012
SLASH_AXE,bs_saxe006,铠罗剑斧·雷/麻痹/睡眠/水,
SLASH_AXE,bs_saxe006,铠罗剑斧·贼,op_saxe001
SLASH_AXE,bs_saxe006,铠罗剑斧·泥鱼,op_saxe002
SLASH_AXE,bs_saxe006,铠罗剑斧·土砂,op_saxe003
SLASH_AXE,bs_saxe006,铠罗剑斧·浮空,op_saxe005
SLASH_AXE,bs_saxe006,铠罗剑斧·风漂,op_saxe006
SLASH_AXE,bs_saxe006,铠罗剑斧·尸套,op_saxe007
SLASH_AXE,bs_saxe006,铠罗剑斧·王,op_saxe008
SLASH_AXE,bs_saxe006,铠罗剑斧·角,op_saxe009
SLASH_AXE,bs_saxe006,铠罗剑斧·爆锤,op_saxe010
SLASH_AXE,bs_saxe006,铠罗剑斧·爆鳞,op_saxe012
SLASH_AXE,bs_saxe007,皇后斧·炎妃/魂焰剑斧·炎妃,
SLASH_AXE,bs_saxe007,皇后斧·灭尽/魂焰剑斧·灭尽,op_saxe004
SLASH_AXE,bs_saxe007,皇后斧·冥灯/魂焰剑斧·冥灯,op_saxe011
SLASH_AXE,bs_saxe008,铬钢救星,
SLASH_AXE,bs_saxe008,牙龙剑斧【噬裂】,op_saxe001
SLASH_AXE,bs_saxe009,威武獠牙/封龙剑斧,
SLASH_AXE,bs_saxe009,泥岩龙腐海,op_saxe002
SLASH_AXE,bs_saxe009,土砂龙掘削,op_saxe003
SLASH_AXE,bs_saxe009,死灭处刑者尸剑斧,op_saxe016
SLASH_AXE,bs_saxe009,巨牛大剑斧,op_saxe023
SLASH_AXE,bs_saxe010,严冰犷野/冰魔扬军,
SLASH_AXE,bs_saxe011,皇金剑斧·风漂,op_saxe006
SLASH_AXE,bs_saxe011,皇金剑斧·尸套,op_saxe007
SLASH_AXE,bs_saxe011,皇金剑斧·王,op_saxe008
SLASH_AXE,bs_saxe011,皇金剑斧·爆鳞,op_saxe012
SLASH_AXE,bs_saxe012,皇金剑斧·雷/水/麻痹,
SLASH_AXE,saxe001,炎王剑斧/炎王城塞/炎王朱炎宝座,
SLASH_AXE,saxe002,雷斧/断雷斧麒麟/雷公宝斧【麒麟】,
SLASH_AXE,saxe003,暴君斧,
SLASH_AXE,saxe004,断灭的一闪,
SLASH_AXE,saxe005,蛮颚龙斩斧/蛮颚剑斧·改/破军蛮炎剑斧,
SLASH_AXE,saxe006,亡灵之柱/凶灵之柱/冰凌亡灵·改,
SLASH_AXE,saxe007,塔纳托斯剑斧/恶灵·改/冥王,
SLASH_AXE,saxe008,暴君/恐怖暴君,
SLASH_AXE,saxe009,破军雷颚剑斧·改/破军蛮雷剑斧,
SLASH_AXE,saxe010,霜漂亡灵/勇士冰川,
SLASH_AXE,saxe011,断灭的一闪【破】,
SLASH_AXE,saxe012,琥珀碎断·改/冰霜琥珀,
SLASH_AXE,saxe013,隐密战斧·改/暗夜斩击斧【弦月】,
SLASH_AXE,saxe014,水螅·横裂/暴君·横裂,
SLASH_AXE,saxe015,诸行无常－灯笼－,
SLASH_AXE,saxe016,业斧暴食强欲,
SLASH_AXE,saxe017,龙姬的剑斧·改,
SLASH_AXE,saxe018,煌战之金剑斧,
SLASH_AXE,saxe019,金刚角斧/金刚角斧雷鸣,
SLASH_AXE,saxe020,鬼神角斧【雷火丰】,
SLASH_AXE,saxe021,赤龙讨伐剑斧1
SLASH_AXE,saxe022,黑之剑斧/漆黑收获,
SLASH_AXE,saxe023,公会宫殿剑斧/宫廷卫剑斧【巨星】,
SLASH_AXE,saxe024,冰霜奥拉烈,
SLASH_AXE,saxe025,黑龙剑斧/真·黑龙剑斧,
SLASH_AXE,saxe026,赤龙讨伐剑斧2
SLASH_AXE,saxe027,碎光之剑斧,
TACHI,bs_swo001,铁刀/黑钢太刀,
TACHI,bs_swo001,星空太刀,op_swo001
TACHI,bs_swo001,眩刀【摇】,op_swo007
TACHI,bs_swo002,星空迅刀,op_swo001
TACHI,bs_swo002,眩惑乱刀【闪光】,op_swo007
TACHI,bs_swo002,爆锤太刀,op_swo010
TACHI,bs_swo003,防卫队连刃式太刀,
TACHI,bs_swo003,灭尽龙太刀,op_swo005
TACHI,bs_swo003,眩惑刀【闪】,op_swo007
TACHI,bs_swo003,重刃爆锤,op_swo010
TACHI,bs_swo003,冥灯龙太刀改,op_swo011
TACHI,bs_swo003,冰牙刀【琥珀】,op_swo017
TACHI,bs_swo004,骨制弯刀/硬骨弯刀/龙骨刀,
TACHI,bs_swo004,泥鱼龙弯刀,op_swo002
TACHI,bs_swo004,脉冲弯刀,op_swo003
TACHI,bs_swo004,火炎弯刀,op_swo004
TACHI,bs_swo004,黑色弯刀,op_swo006
TACHI,bs_swo004,优雅弯刀,op_swo008
TACHI,bs_swo004,罪罚偃月刀,op_swo020
TACHI,bs_swo005,飞雷龙大刀,op_swo003
TACHI,bs_swo005,蛮颚龙偃月刀,op_swo004
TACHI,bs_swo005,黑色偃月刀,op_swo006
TACHI,bs_swo005,熔山龙太刀,op_swo012
TACHI,bs_swo005,碎龙偃月刀,op_swo018
TACHI,bs_swo005,巨牛大太刀,op_swo021
TACHI,bs_swo006,骨镰,
TACHI,bs_swo006,深土太刀,op_swo002
TACHI,bs_swo006,飞雷龙之牙,op_swo003
TACHI,bs_swo006,深黑崩坏者,op_swo006
TACHI,bs_swo006,尸套龙太刀,op_swo009
TACHI,bs_swo006,朱赤麻痹牙,op_swo013
TACHI,bs_swo006,崩坏雷颚,op_swo014
TACHI,bs_swo007,金色的太刀·水/毒/麻痹,
TACHI,bs_swo007,金色的太刀·搔,op_swo001
TACHI,bs_swo007,金色的太刀·泥鱼,op_swo002
TACHI,bs_swo007,金色的太刀·飞雷,op_swo003
TACHI,bs_swo007,金色的太刀·蛮颚,op_swo004
TACHI,bs_swo007,金色的太刀·黑甲,op_swo006
TACHI,bs_swo007,金色的太刀·眩,op_swo007
TACHI,bs_swo007,金色的太刀·风漂,op_swo008
TACHI,bs_swo007,金色的太刀·尸套,op_swo009
TACHI,bs_swo007,金色的太刀·爆锤,op_swo010
TACHI,bs_swo007,金色的太刀·熔山,op_swo012
TACHI,bs_swo008,铠罗剑·水/毒/麻痹/火,
TACHI,bs_swo008,铠罗剑·搔,op_swo001
TACHI,bs_swo008,铠罗剑·泥鱼,op_swo002
TACHI,bs_swo008,铠罗剑·飞雷,op_swo003
TACHI,bs_swo008,铠罗剑·蛮颚,op_swo004
TACHI,bs_swo008,铠罗剑·黑甲,op_swo006
TACHI,bs_swo008,铠罗剑·眩,op_swo007
TACHI,bs_swo008,铠罗剑·风漂,op_swo008
TACHI,bs_swo008,铠罗剑·尸套,op_swo009
TACHI,bs_swo008,铠罗剑·爆锤,op_swo010
TACHI,bs_swo008,铠罗剑·熔山,op_swo012
TACHI,bs_swo009,皇后剑·炎妃/魂焰龙刀·炎妃,
TACHI,bs_swo009,皇后剑·灭尽/魂焰龙刀·灭尽,op_swo005
TACHI,bs_swo009,皇后剑·冥灯/魂焰龙刀·冥灯,op_swo011
TACHI,bs_swo010,巢穴搭挡,op_swo001
TACHI,bs_swo010,斩龙宝刀,op_swo019
TACHI,bs_swo011,大地镰状剑/封龙古刀,
TACHI,bs_swo011,深土漫滩,op_swo002
TACHI,bs_swo011,蛮颚龙之激牙,op_swo004
TACHI,bs_swo011,岩浆荣誉熔山刀,op_swo012
TACHI,bs_swo011,死灭帝侯尸刀,op_swo015
TACHI,bs_swo012,严冰锋刃/冰灵芒刃,
TACHI,bs_swo013,皇金太刀·飞雷,op_swo003
TACHI,bs_swo013,皇金太刀·风漂,op_swo008
TACHI,bs_swo013,皇金太刀·尸套,op_swo009
TACHI,bs_swo013,皇金太刀·熔山,op_swo012
TACHI,bs_swo014,皇金太刀·水/火/麻痹,
TACHI,swo001,天上天下无双刀/天上天下天地无双刀,
TACHI,swo002,帝王刀/炎帝王刀【海市蜃楼】,
TACHI,swo003,飞龙刀【红叶】/【朱】,
TACHI,swo004,灭尽一刀,
TACHI,swo005,流星刀/幻光刀/冰凌幻光·改,
TACHI,swo006,爆鳞大刀/爆鳞刀赤红利刃,
TACHI,swo007,飞龙刀【绿叶】/【翠】/【葵】,
TACHI,swo008,飞龙刀【苍】/【蓝染】/【苍天】,
TACHI,swo009,残酷痛苦太刀/悲惨痛苦太刀,
TACHI,swo010,苍星太刀/苍星的太刀【舞龙】
TACHI,swo011,霜漂幻光/仙子冰川,
TACHI,swo012,爆炎大刀/炸裂迸发爆炎刀,
TACHI,swo013,灭尽一刀【绝】,
TACHI,swo014,一虎刀·改/一虎刀【饿刃】,
TACHI,swo015,隐密配剑·改/夜刀【月影】,
TACHI,swo016,水螅·柱头/暴君·柱头,
TACHI,swo017,行云流水－和光－,
TACHI,swo018,业刀破灭,
TACHI,swo019,王刀雷切·改/王牙刀【伏雷】,
TACHI,swo020,狱刀龙骨/狼牙刀【恶狱】,
TACHI,swo021,大刀【乌】/大刀【狼】,
TACHI,swo022,飞龙刀【月】,
TACHI,swo023,飞龙刀【银】,
TACHI,swo024,鬼薙刀/大鬼薙刀,
TACHI,swo025,鬼神薙刀【阿修罗】,
TACHI,swo026,赤龙闪光刃1
TACHI,swo027,漆黑爪/漆黑爪【终焉】,
TACHI,swo028,飞龙刀【樱花】·改,
TACHI,swo029,碎光之晓刀,
TACHI,swo030,钢铁十字鎬【采掘狂】/超钢铁十字鎬【采掘鬼】,
TACHI,swo031,公会宫殿配刀/宫廷礼刀【将星】,
TACHI,swo032,吼虎刀/吼虎刀【饿咬】,
TACHI,swo033,亚铎霜锋,
TACHI,swo034,黑龙刀/黑龙歼灭刀,
TACHI,swo035,赤龙闪光刃2
TWIN_SWORD,bs_sou001,双刀/决斗双刀/铬钢双刀/冰结小刀/黑钢双剑,
TWIN_SWORD,bs_sou001,钉钩匕首,op_sou001
TWIN_SWORD,bs_sou001,灭尽龙裂痕,op_sou005
TWIN_SWORD,bs_sou001,闪耀小刀,op_sou007
TWIN_SWORD,bs_sou001,冥灯龙双剑改,op_sou011
TWIN_SWORD,bs_sou002,奥秘双剑,op_sou001
TWIN_SWORD,bs_sou002,决斗者对剑,op_sou007
TWIN_SWORD,bs_sou002,隐密直柄斧,op_sou018
TWIN_SWORD,bs_sou003,冰结链剑/防卫队机械式双锯,
TWIN_SWORD,bs_sou003,轰龙链剑,op_sou017
TWIN_SWORD,bs_sou003,劫难链剑,op_sou022
TWIN_SWORD,bs_sou004,飞雷龙之爪,op_sou003
TWIN_SWORD,bs_sou004,蛮颚龙飓风,op_sou004
TWIN_SWORD,bs_sou004,熔岩飓风,op_sou010
TWIN_SWORD,bs_sou004,熔山龙钩爪,op_sou012
TWIN_SWORD,bs_sou004,朱赤毒之爪,op_sou014
TWIN_SWORD,bs_sou004,旋风雷颚,op_sou015
TWIN_SWORD,bs_sou005,骨斧/狂野战斧/强斧/龙骨双刀,
TWIN_SWORD,bs_sou005,泥鱼龙战斧,op_sou002
TWIN_SWORD,bs_sou005,脉冲战斧,op_sou003
TWIN_SWORD,bs_sou005,火炎战斧,op_sou004
TWIN_SWORD,bs_sou005,黑色死神,op_sou006
TWIN_SWORD,bs_sou005,惨爪战斧,op_sou008
TWIN_SWORD,bs_sou005,爆锤战斧,op_sou009
TWIN_SWORD,bs_sou005,火碎双刃,op_sou010
TWIN_SWORD,bs_sou005,冰鱼龙战斧,op_sou013
TWIN_SWORD,bs_sou006,泥岩利剑,op_sou002
TWIN_SWORD,bs_sou006,巨甲虫利剑,op_sou006
TWIN_SWORD,bs_sou006,爆锤棍棒,op_sou009
TWIN_SWORD,bs_sou006,碎龙利剑,op_sou019
TWIN_SWORD,bs_sou006,巨牛大骨,op_sou020
TWIN_SWORD,bs_sou006,命运棍棒,op_sou024
TWIN_SWORD,bs_sou007,金色的双剑·水/冰/毒,
TWIN_SWORD,bs_sou007,金色的双剑·搔,op_sou001
TWIN_SWORD,bs_sou007,金色的双剑·泥鱼,op_sou002
TWIN_SWORD,bs_sou007,金色的双剑·飞雷,op_sou003
TWIN_SWORD,bs_sou007,金色的双剑·蛮颚,op_sou004
TWIN_SWORD,bs_sou007,金色的双剑·黑甲,op_sou006
TWIN_SWORD,bs_sou007,金色的双剑·眩,op_sou007
TWIN_SWORD,bs_sou007,金色的双剑·惨爪,op_sou008
TWIN_SWORD,bs_sou007,金色的双剑·角,op_sou009
TWIN_SWORD,bs_sou007,金色的双剑·熔岩,op_sou010
TWIN_SWORD,bs_sou007,金色的双剑·熔山,op_sou012
TWIN_SWORD,bs_sou008,铠罗小刀·水/冰/毒/火,
TWIN_SWORD,bs_sou008,铠罗小刀·搔,op_sou001
TWIN_SWORD,bs_sou008,铠罗小刀·泥鱼,op_sou002
TWIN_SWORD,bs_sou008,铠罗小刀·飞雷,op_sou003
TWIN_SWORD,bs_sou008,铠罗小刀·蛮颚,op_sou004
TWIN_SWORD,bs_sou008,铠罗小刀·黑甲,op_sou006
TWIN_SWORD,bs_sou008,铠罗小刀·眩,op_sou007
TWIN_SWORD,bs_sou008,铠罗小刀·惨爪,op_sou008
TWIN_SWORD,bs_sou008,铠罗小刀·角,op_sou009
TWIN_SWORD,bs_sou008,铠罗小刀·熔岩,op_sou010
TWIN_SWORD,bs_sou008,铠罗小刀·熔山,op_sou012
TWIN_SWORD,bs_sou009,皇后短剑/皇后短剑·炎妃/魂焰双刃·炎妃,
TWIN_SWORD,bs_sou009,皇后短剑·灭尽/魂焰双刃·灭尽,op_sou005
TWIN_SWORD,bs_sou009,皇后短剑·冥灯/魂焰双刃·冥灯,op_sou011
TWIN_SWORD,bs_sou010,铬钢十字,
TWIN_SWORD,bs_sou010,巢穴暴风,op_sou001
TWIN_SWORD,bs_sou010,十字对剑,op_sou007
TWIN_SWORD,bs_sou011,厚实砍刀,
TWIN_SWORD,bs_sou011,泥岩龙密丛,op_sou002
TWIN_SWORD,bs_sou011,飞雷龙锲刀,op_sou003
TWIN_SWORD,bs_sou011,蛮颚龙之烈爪,op_sou004
TWIN_SWORD,bs_sou011,深黑噬者,op_sou006
TWIN_SWORD,bs_sou011,岩浆利爪熔山双剑,op_sou012
TWIN_SWORD,bs_sou012,严冰羽翎/冰圣幽冥,
TWIN_SWORD,bs_sou013,皇金双剑·飞雷,op_sou003
TWIN_SWORD,bs_sou013,皇金双剑·蛮颚,op_sou004
TWIN_SWORD,bs_sou013,皇金双剑·黑甲,op_sou006
TWIN_SWORD,bs_sou013,皇金双剑·熔山,op_sou012
TWIN_SWORD,bs_sou014,皇金双剑·水/冰/龙,
TWIN_SWORD,sou001,双爪刀/冰炎剑维尔玛闪焰/冰炎魔剑极限,
TWIN_SWORD,sou002,双雷剑麒麟/迅雷/双雷宝剑【麒麟儿】,
TWIN_SWORD,sou003,秩序刺剑改/神圣佩剑,
TWIN_SWORD,sou004,残灭之爪,
TWIN_SWORD,sou005,暗红锁镰/罪【真】·改/罪恶【劣行】,
TWIN_SWORD,sou006,爆鳞手斧/爆鳞双斧赤红巨星,
TWIN_SWORD,sou007,封龙剑【超绝一门】/【真绝一门】/【极绝一门】,
TWIN_SWORD,sou008,愤怒双刃/愤怒捕食者,
TWIN_SWORD,sou009,冥府锁镰/死罪【刑罚】,
TWIN_SWORD,sou010,爆炎双战斧/爆炎双斧燋烁,
TWIN_SWORD,sou011,残灭之爪【鬼】,
TWIN_SWORD,sou012,暗雾蕴剑·改/寒霜暴风剑,
TWIN_SWORD,sou013,灼炎之保存者·改/斩龙双刃光耀,
TWIN_SWORD,sou014,硫铁结契/岩窟硫斩双刃,
TWIN_SWORD,sou015,邪鬼雾散－慧眼－,
TWIN_SWORD,sou016,业双刃冲动,
TWIN_SWORD,sou017,松软的羽毛扫把/松软的慈爱/松软天国,
TWIN_SWORD,sou018,王双刃雷神·改/王牙双刃【土雷】,
TWIN_SWORD,sou019,龙气狱爪/狼牙双爪【血狱】,
TWIN_SWORD,sou020,铁扇【乌】/【狼】,
TWIN_SWORD,sou021,雌雄焰刀/雌雄双剑,
TWIN_SWORD,sou022,金银龙对剑,
TWIN_SWORD,sou023,斗鬼【高丸】/斗神鬼【大岳丸】,
TWIN_SWORD,sou024,鬼神斗拳【狱杀】,
TWIN_SWORD,sou025,赤龙舞爪1
TWIN_SWORD,sou026,煌黑双剑/煌黑双剑烈狂,
TWIN_SWORD,sou027,公会骑士军刀/大师军刀/双圣剑公会骑士,
TWIN_SWORD,sou028,锋利锐刃·改,
TWIN_SWORD,sou029,吉薇艾儿,
TWIN_SWORD,sou030,公会宫殿军刀/宫廷双骑【救星】,
TWIN_SWORD,sou031,贝古特拉,
TWIN_SWORD,sou032,黑龙双刃/黑龙双刃【二天】,
TWIN_SWORD,sou033,飘飘欲仙啤酒剑/酩酊大醉啤酒剑,
TWIN_SWORD,sou034,赤龙舞爪2
TWIN_SWORD,sou035,碎光之双闪,
TWIN_SWORD,sou036,阿尔忒弥斯的双剑,
WHISTLE,bs_hue001,(金属/巨型/威猛/闪电/水流)风笛/黑钢龙笛/威力轻曲,
WHISTLE,bs_hue001,搔鸟风笛,op_hue003
WHISTLE,bs_hue001,优雅风笛,op_hue004
WHISTLE,bs_hue002,雷鼓/激流铜锣/防卫队支援型大鼓,
WHISTLE,bs_hue002,灭尽龙旋律,op_hue001
WHISTLE,bs_hue002,冥灯龙狩猎笛/冥灯龙狩猎笛改,op_hue002
WHISTLE,bs_hue002,星空皮鼓,op_hue003
WHISTLE,bs_hue002,舄湖鼓,op_hue014
WHISTLE,bs_hue003,骨制号角/硬骨号角/坚骨号角/龙骨古笛,
WHISTLE,bs_hue003,花朵号角/曼陀罗号角/曼陀罗巨匠,op_hue005
WHISTLE,bs_hue003,岩贼龙号角/岩贼龙和鸣,op_hue006
WHISTLE,bs_hue003,浮空龙号角,op_hue007
WHISTLE,bs_hue003,火炎号角,op_hue008
WHISTLE,bs_hue003,骨锤龙号角,op_hue010
WHISTLE,bs_hue003,雷鸣笛,op_hue011
WHISTLE,bs_hue003,冰尖号角,op_hue013
WHISTLE,bs_hue003,碎龙号角,op_hue018
WHISTLE,bs_hue004,浮空龙长号,op_hue007
WHISTLE,bs_hue004,蛮颚龙长号,op_hue008
WHISTLE,bs_hue004,音速号角,op_hue009
WHISTLE,bs_hue004,尖刺号角,op_hue010
WHISTLE,bs_hue004,雷光笛,op_hue011
WHISTLE,bs_hue004,夜神长号,op_hue016
WHISTLE,bs_hue005,金色的龙笛·水/龙/麻痹,
WHISTLE,bs_hue005,金色的龙笛·搔,op_hue003
WHISTLE,bs_hue005,金色的龙笛·风漂,op_hue004
WHISTLE,bs_hue005,金色的龙笛·毒妖,op_hue005
WHISTLE,bs_hue005,金色的龙笛·岩贼,op_hue006
WHISTLE,bs_hue005,金色的龙笛·浮空,op_hue007
WHISTLE,bs_hue005,金色的龙笛·蛮颚,op_hue008
WHISTLE,bs_hue005,金色的龙笛·飞甲,op_hue009
WHISTLE,bs_hue005,金色的龙笛·骨锤,op_hue010
WHISTLE,bs_hue005,金色的龙笛·幻,op_hue011
WHISTLE,bs_hue006,铠罗风笛·水/龙/麻痹/睡眠,
WHISTLE,bs_hue006,铠罗风笛·搔,op_hue003
WHISTLE,bs_hue006,铠罗风笛·风漂,op_hue004
WHISTLE,bs_hue006,铠罗风笛·毒妖,op_hue005
WHISTLE,bs_hue006,铠罗风笛·岩贼,op_hue006
WHISTLE,bs_hue006,铠罗风笛·浮空,op_hue007
WHISTLE,bs_hue006,铠罗风笛·蛮颚,op_hue008
WHISTLE,bs_hue006,铠罗风笛·飞甲,op_hue009
WHISTLE,bs_hue006,铠罗风笛·骨锤,op_hue010
WHISTLE,bs_hue006,铠罗风笛·幻,op_hue011
WHISTLE,bs_hue007,皇后鼓·炎妃/魂焰龙笛·炎妃,
WHISTLE,bs_hue007,皇后鼓·灭尽/魂焰龙笛·灭尽,op_hue001
WHISTLE,bs_hue007,皇后鼓·冥灯/魂焰龙笛·冥灯,op_hue002
WHISTLE,bs_hue008,巢穴玉振,op_hue003
WHISTLE,bs_hue009,狂骨号角/封龙古笛,
WHISTLE,bs_hue009,浮空龙鸣音,op_hue007
WHISTLE,bs_hue009,蛮颚龙之哼歌,op_hue008
WHISTLE,bs_hue009,骨锤龙振响,op_hue010
WHISTLE,bs_hue009,幻雷魔笛,op_hue011
WHISTLE,bs_hue009,管乐雷颚,op_hue015
WHISTLE,bs_hue009,水蛇号角,op_hue020
WHISTLE,bs_hue010,严冰钟琴/冰琴冻土,
WHISTLE,bs_hue011,皇金龙笛·风漂,op_hue004
WHISTLE,bs_hue011,皇金龙笛·岩贼,op_hue006
WHISTLE,bs_hue011,皇金龙笛·蛮颚,op_hue008
WHISTLE,bs_hue011,皇金龙笛·幻,op_hue011
WHISTLE,bs_hue012,皇金龙笛·麻痹/水/龙,
WHISTLE,hue001,炎王琴/炎王竖琴/炎王红莲琴笛,
WHISTLE,hue002,女武神战铃/女武神之笛,
WHISTLE,hue003,皇家琉璃铃/女王笛巨蜂·改/女王笛巨蜂世,
WHISTLE,hue004,寂灭的章节,
WHISTLE,hue005,琴弦/冰凌琴弦·改,
WHISTLE,hue006,爆鳞太鼓/爆鳞鼓赤红星光,
WHISTLE,hue007,樱战铃/皇家战笛/君王战笛,
WHISTLE,hue008,锁缚的暴龙/深邃之锁,
WHISTLE,hue009,霜漂琴弦/高峰冰川,
WHISTLE,hue010,爆炎太鼓/炸裂星火爆炎鼓,
WHISTLE,hue011,寂灭的章节【魂】,
WHISTLE,hue012,轰龙纹笛//轰鼓【虎钟】,
WHISTLE,hue013,隐密音调//夜笛【逢魔】,
WHISTLE,hue014,灼炎之火灵/斩龙笛陶醉,
WHISTLE,hue015,硫铁辉矿/荫坑硫斩笛,
WHISTLE,hue016,极乐净土－华严－,
WHISTLE,hue017,业奏缚狼锁,
WHISTLE,hue018,王琴轰雷/王牙琴【鸣雷】,
WHISTLE,hue019,狱琴龙背/狼牙琴【异狱】,
WHISTLE,hue020,三味线【乌】/三味线【狼】,
WHISTLE,hue021,金猎笛,
WHISTLE,hue022,电电太鼓/电电太鼓【雷轰】,
WHISTLE,hue023,鬼神电鼓【绯之魂】,
WHISTLE,hue024,赤龙咒笛1
WHISTLE,hue025,煌黑风琴/煌黑琴雅烈婕,
WHISTLE,hue026,公会宫殿吟游者/宫廷奏琴【响星】,
WHISTLE,hue027,劫难纹笛/吼鼓【鬼咬】,
WHISTLE,hue028,瑰丽雪霜,
WHISTLE,hue029,黑龙威胁/黑龙绝望琴,
WHISTLE,hue030,赤龙咒笛2
WHISTLE,hue031,碎光之阳铃,
